90,158.2071269904203,61.89983037586486,90,54.201896283109306,86.0526033246047,90,96.86701071283824,96.86701071283824,90,46.87177012461993,87.30028687951406
90,162.25879321967403,54.82471992888997,90,54.04842853546961,86.09388677348785,90,96.79207752979347,96.79207752979347,90,46.73291166854898,87.30826729745654
90,163.5087828334358,52.01142829685417,90,53.89521938787746,86.13450237807913,90,96.71782490781611,96.71782490781611,90,46.594382102019836,87.31558263465922
90,164.24683861888127,49.92685272084536,90,53.74227012261473,86.17445025525792,90,96.64425240888558,96.64425240888558,90,46.45618291041919,87.32223290320317
90,164.69618923561154,48.232191715515434,90,53.58958202887854,86.21373051832481,90,96.57135960486994,96.57135960486994,90,46.31831558032144,87.32821811402376
90,164.94477602313077,46.795728549503394,90,53.437156402663504,86.25234327708506,90,96.49914607735201,96.49914607735201,90,46.18078159938301,87.33353827692426
90,165.0385266596747,45.549825879319634,90,53.284994546643944,86.2902886379306,90,96.42761141745773,96.42761141745773,90,46.04358245623672,87.33819340058803
90,165.0053329058985,44.45434802311784,90,53.1330977700559,86.32756670392048,90,96.35675522568697,96.35675522568697,90,45.90671964038762,87.34218349258938
90,164.86389328519027,43.48323515930353,90,52.98146738857943,86.36417757485997,90,96.2865771117463,96.2865771117463,90,45.770194642108464,87.34550855940297
90,164.62769030244243,42.61849218615687,90,52.830104724220746,86.40012134737805,90,96.21707669438435,96.21707669438435,90,45.63400895233681,87.34816860641187
90,164.30702603616442,41.847124782112445,90,52.679011105194235,86.43539811500351,90,96.1482536012292,96.1482536012292,90,45.4981640625719,87.3501636379146
90,163.91016349742313,41.15942652009211,90,52.52818786580471,86.47000796823971,90,96.08010746862774,96.08010746862774,90,45.36266146477291,87.35149365713012
90,163.44401100284523,40.54795229417373,90,52.37763634632964,86.50395099463758,90,96.01263794148751,96.01263794148751,90,45.227502651257396,87.35215866620227
90,162.91455350126216,40.006868696666864,90,52.227357892901296,86.5372272788674,90,95.94584467312058,95.94584467312058,90,45.09268911460077,87.35215866620227
90,162.3271343961112,39.53152463834409,90,52.077353857388985,86.56983690278919,90,95.8797273250893,95.8797273250893,90,44.95822234753638,87.35149365713012
90,161.68664411582142,39.11815733001587,90,51.92762559728149,86.60177994552143,90,95.81428556705431,95.81428556705431,90,44.82410384285629,87.3501636379146
90,160.99764776284238,38.763685079872566,90,51.778174475569216,86.63305648350853,90,95.74951907662467,95.74951907662467,90,44.69033509331297,87.34816860641187
90,160.26447135635624,38.465557865778095,90,51.62900186062677,86.66366659058681,90,95.68542753920958,95.68542753920958,90,44.55691759152148,87.34550855940297
90,159.49125898872435,38.2216476419465,90,51.48010912609544,86.69361033804908,90,95.6220106478728,95.6220106478728,90,44.42385282986288,87.34218349258938
90,158.68200901615592,38.03016680872941,90,51.331497650765726,86.72288779470766,90,95.55926810318822,95.55926810318822,90,44.291142300387975,87.33819340058803
90,157.84059486947953,37.88960721868776,90,51.18316881846002,86.75149902695628,90,95.49719961309823,95.49719961309823,90,44.15878749472222,87.33353827692426
90,156.97077449277958,37.798694574737425,90,51.03512401791548,86.77944409883014,90,95.43580489277316,95.43580489277316,90,44.026789903971235,87.32821811402376
90,156.076191402299,37.7563546846143,90,50.88736464266674,86.80672307206505,90,95.37508366447332,95.37508366447332,90,43.895151018627644,87.32223290320317
90,155.16036967851807,37.76168910767536,90,50.73989209092923,86.83333600615474,90,95.31503565741265,95.31503565741265,90,43.76387232847787,87.31558263465922
90,154.2267047261695,37.813958465917445,90,50.592707765482004,86.859282958407,90,95.25566060762401,95.25566060762401,90,43.63295532251095,87.30826729745654
90,153.27845127882532,37.91257221474932,90,50.445813073551335,86.88456398399833,90,95.19695825782694,95.19695825782694,90,43.50240148882736,87.30028687951406
90,152.31870983708217,38.05708405965415,90,50.29920942669406,86.90917913602722,90,95.13892835729646,95.13892835729646,90,43.37221231454916,87.29164136759034
90,151.35041248228978,38.24719251553243,90,50.152898240681225,86.93312846556604,90,95.08157066173452,95.08157066173452,90,43.24238928573112,87.2823307472671
90,150.37630878333476,38.48274637431198,90,50.00688093538196,86.95641202171149,90,95.02488493314236,95.02488493314236,90,43.112933887272675,87.27235500293168
90,149.39895230166047,38.76375510351759,90,49.86115893464756,86.97902985163378,90,94.96887093969553,94.96887093969553,90,42.983847602830735,87.26171411775816
90,148.42068799289515,39.09040447135029,90,49.71573366619572,87.00098200062419,90,94.91352845562,94.91352845562,90,42.8551319147339,87.25040807368701
90,147.4436405969815,39.463078011738816,90,49.57060656149483,87.0222685121416,90,94.85885726107033,94.85885726107033,90,42.72678830389711,87.23843685140336
90,146.46970389645506,39.882385342106446,90,49.42577905564892,87.04288942785719,90,94.80485714200962,94.80485714200962,90,42.5988182497378,87.22580043031408
90,145.50053049510024,40.34919887754196,90,49.28125258728258,87.06284478769818,90,94.75152789009093,94.75152789009093,90,42.471223230092846,87.21249878852328
90,144.5375215109255,40.86470122271551,90,49.13702859842607,87.0821346298899,90,94.6988693025407,94.6988693025407,90,42.344004721136656,87.19853190280661
90,143.5818152617174,41.43044658498193,90,48.9931085344009,87.10075899099664,90,94.6468811820436,94.6468811820436,90,42.217164197300235,87.1838997485842
90,142.63427360354626,42.04844113058414,90,48.84949384370566,87.11871790596103,90,94.59556333662921,94.59556333662921,90,42.09070313119139,87.16860229989204
90,141.69546398579155,42.72124962435568,90,48.70618597790201,87.13601140814225,90,94.5449155795604,94.5449155795604,90,41.964622993516116,87.15263952935237
90,140.76563437614402,43.45213951664882,90,48.56318639150112,87.15263952935237,90,94.49493772922318,94.49493772922318,90,41.83892525300095,87.13601140814225
90,139.84467674215415,44.24527989238736,90,48.42049654185064,87.16860229989204,90,94.44562960901841,94.44562960901841,90,41.71361137631649,87.11871790596103
90,138.9320722924809,45.10602330808862,90,48.278117889021416,87.1838997485842,90,94.39699104725501,94.39699104725501,90,41.588682828002106,87.10075899099664
90,138.02680726938348,46.04131734145667,90,48.13605189569529,87.19853190280661,90,94.34902187704475,94.34902187704475,90,41.46414107039189,87.0821346298899
90,137.1272398299757,47.06032768836286,90,47.9943000270527,87.21249878852328,90,94.30172193619879,94.30172193619879,90,41.3399875635416,87.06284478769818
90,136.230882156981,48.17542384440282,90,47.85286375066116,87.22580043031408,90,94.25509106712566,94.25509106712566,90,41.2162237651568,87.04288942785719
90,135.33402691772034,49.403825503177764,90,47.7117445363636,87.23843685140336,90,94.20912911673106,94.20912911673106,90,41.09285113052249,87.0222685121416
90,134.4310652659962,50.770550294250924,90,47.5709438561677,87.25040807368701,90,94.16383593631892,94.16383593631892,90,40.96987111243345,87.00098200062419
90,133.51312784969411,52.31420126833037,90,47.43046318413519,87.26171411775816,90,94.11921138149425,94.11921138149425,90,40.847285161126536,86.97902985163378
90,132.5650120317182,54.09990073004991,90,47.29030399627197,87.27235500293168,90,94.07525531206747,94.07525531206747,90,40.72509472421342,86.95641202171149
90,131.55672236233082,56.25454427105657,90,47.15046777041837,87.2823307472671,90,94.03196759196041,94.03196759196041,90,40.60330124661513,86.93312846556604
90,130.41006286156713,59.10468987540365,90,47.010955986140175,87.29164136759034,90,93.98934808911359,93.98934808911359,90,40.48190617049778,86.90917913602722
90,117.82094360949958,96.86701071283824,90,46.87177012461993,87.30028687951406,90,93.9473966753953,93.9473966753953,90,21.792873009579694,118.10016962413513
90,117.98589361434853,96.79207752979347,90,46.73291166854898,87.30826729745654,90,93.90611322651215,93.90611322651215,90,17.741206780325967,125.17528007111002
90,118.15063772763153,96.71782490781611,90,46.594382102019836,87.31558263465922,90,93.86549762192087,93.86549762192087,90,16.491217166564212,127.98857170314582
90,118.31517516195979,96.64425240888558,90,46.45618291041919,87.32223290320317,90,93.82554974474208,93.82554974474208,90,15.75316138111873,130.07314727915463
90,118.47950511718818,96.57135960486994,90,46.31831558032144,87.32821811402376,90,93.78626948167519,93.78626948167519,90,15.303810764388459,131.76780828448457
90,118.6436267805332,96.49914607735201,90,46.18078159938301,87.33353827692426,90,93.74765672291494,93.74765672291494,90,15.055223976869229,133.2042714504966
90,118.80753932669049,96.42761141745773,90,46.04358245623672,87.33819340058803,90,93.7097113620694,93.7097113620694,90,14.961473340325313,134.45017412068037
90,118.97124191795223,96.35675522568697,90,45.90671964038762,87.34218349258938,90,93.67243329607952,93.67243329607952,90,14.994667094101487,135.54565197688217
90,119.13473370432445,96.2865771117463,90,45.770194642108464,87.34550855940297,90,93.63582242514003,93.63582242514003,90,15.136106714809728,136.51676484069645
90,119.29801382364391,96.21707669438435,90,45.63400895233681,87.34816860641187,90,93.59987865262195,93.59987865262195,90,15.372309697557569,137.38150781384314
90,119.46108140169517,96.1482536012292,90,45.4981640625719,87.3501636379146,90,93.56460188499649,93.56460188499649,90,15.692973963835584,138.15287521788755
90,119.62393555232725,96.08010746862774,90,45.36266146477291,87.35149365713012,90,93.52999203176029,93.52999203176029,90,16.089836502576873,138.8405734799079
90,119.78657537757033,96.01263794148751,90,45.227502651257396,87.35215866620227,90,93.49604900536242,93.49604900536242,90,16.55598899715477,139.45204770582626
90,119.94899996775217,95.94584467312058,90,45.09268911460077,87.35215866620227,90,93.4627727211326,93.4627727211326,90,17.085446498737838,139.99313130333314
90,120.11120840161475,95.8797273250893,90,44.95822234753638,87.35149365713012,90,93.43016309721081,93.43016309721081,90,17.672865603888795,140.46847536165592
90,120.27319974643046,95.81428556705431,90,44.82410384285629,87.3501636379146,90,93.39822005447857,93.39822005447857,90,18.313355884178577,140.88184266998414
90,120.43497305811854,95.74951907662467,90,44.69033509331297,87.34816860641187,90,93.36694351649147,93.36694351649147,90,19.002352237157623,141.23631492012743
90,120.59652738136118,95.68542753920958,90,44.55691759152148,87.34550855940297,90,93.33633340941319,93.33633340941319,90,19.73552864364376,141.5344421342219
90,120.75786174971985,95.6220106478728,90,44.42385282986288,87.34218349258938,90,93.30638966195092,93.30638966195092,90,20.508741011275646,141.7783523580535
90,120.91897518575136,95.55926810318822,90,44.291142300387975,87.33819340058803,90,93.27711220529234,93.27711220529234,90,21.317990983844084,141.9698331912706
90,121.07986670112403,95.49719961309823,90,44.15878749472222,87.33353827692426,90,93.24850097304372,93.24850097304372,90,22.15940513052047,142.11039278131224
90,121.2405352967339,95.43580489277316,90,44.026789903971235,87.32821811402376,90,93.22055590116986,93.22055590116986,90,23.029225507220417,142.20130542526257
90,121.40097996282074,95.37508366447332,90,43.895151018627644,87.32223290320317,90,93.19327692793495,93.19327692793495,90,23.923808597700997,142.2436453153857
90,121.56119967908418,95.31503565741265,90,43.76387232847787,87.31558263465922,90,93.16666399384526,93.16666399384526,90,24.839630321481934,142.23831089232465
90,121.72119341480001,95.25566060762401,90,43.63295532251095,87.30826729745654,90,93.140717041593,93.140717041593,90,25.773295273830513,142.18604153408256
90,121.8809601289361,95.19695825782694,90,43.50240148882736,87.30028687951406,90,93.11543601600167,93.11543601600167,90,26.721548721174685,142.08742778525067
90,122.04049877026873,95.13892835729646,90,43.37221231454916,87.29164136759034,90,93.09082086397278,93.09082086397278,90,27.681290162917833,141.94291594034584
90,122.19980827749876,95.08157066173452,90,43.24238928573112,87.2823307472671,90,93.06687153443396,93.06687153443396,90,28.649587517710216,141.75280748446755
90,122.35888757936787,95.02488493314236,90,43.112933887272675,87.27235500293168,90,93.04358797828851,93.04358797828851,90,29.623691216665236,141.51725362568803
90,122.51773559477489,94.96887093969553,90,42.983847602830735,87.26171411775816,90,93.02097014836622,93.02097014836622,90,30.601047698339528,141.23624489648242
90,122.67635123289213,94.91352845562,90,42.8551319147339,87.25040807368701,90,92.99901799937581,92.99901799937581,90,31.579312007104846,140.9095955286497
90,122.83473339328174,94.85885726107033,90,42.72678830389711,87.23843685140336,90,92.9777314878584,92.9777314878584,90,32.55635940301849,140.53692198826118
90,122.99288096601212,94.80485714200962,90,42.5988182497378,87.22580043031408,90,92.95711057214281,92.95711057214281,90,33.53029610354494,140.11761465789357
90,123.15079283177462,94.75152789009093,90,42.471223230092846,87.21249878852328,90,92.93715521230182,92.93715521230182,90,34.499469504899764,139.65080112245803
90,123.3084678619999,94.6988693025407,90,42.344004721136656,87.19853190280661,90,92.9178653701101,92.9178653701101,90,35.4624784890745,139.1352987772845
90,123.46590491897464,94.6468811820436,90,42.217164197300235,87.1838997485842,90,92.89924100900336,92.89924100900336,90,36.418184738282605,138.56955341501808
90,123.62310285595834,94.59556333662921,90,42.09070313119139,87.16860229989204,90,92.88128209403897,92.88128209403897,90,37.36572639645374,137.95155886941586
90,123.78006051729987,94.5449155795604,90,41.964622993516116,87.15263952935237,90,92.86398859185775,92.86398859185775,90,38.30453601420845,137.27875037564434
90,123.93677673855461,94.49493772922318,90,41.83892525300095,87.13601140814225,90,92.84736047064763,92.84736047064763,90,39.23436562385598,136.54786048335117
90,124.09325034660112,94.44562960901841,90,41.71361137631649,87.11871790596103,90,92.83139770010796,92.83139770010796,90,40.15532325784585,135.75472010761263
90,124.2494801597582,94.39699104725501,90,41.588682828002106,87.10075899099664,90,92.8161002514158,92.8161002514158,90,41.06792770751909,134.89397669191138
90,124.40546498790201,94.34902187704475,90,41.46414107039189,87.0821346298899,90,92.80146809719339,92.80146809719339,90,41.97319273061652,133.95868265854332
90,124.56120363258314,94.30172193619879,90,41.3399875635416,87.06284478769818,90,92.78750121147672,92.78750121147672,90,42.87276017002429,132.93967231163714
90,124.7166948871438,94.25509106712566,90,41.2162237651568,87.04288942785719,90,92.77419956968592,92.77419956968592,90,43.76911784301899,131.82457615559719
90,124.87193753683509,94.20912911673106,90,41.09285113052249,87.0222685121416,90,92.76156314859664,92.76156314859664,90,44.66597308227966,130.59617449682224
90,125.02693035893435,94.16383593631892,90,40.96987111243345,87.00098200062419,90,92.74959192631299,92.74959192631299,90,45.56893473400379,129.22944970574906
90,125.18167212286258,94.11921138149425,90,40.847285161126536,86.97902985163378,90,92.73828588224184,92.73828588224184,90,46.486872150305885,127.68579873166962
90,125.33616159030183,94.07525531206747,90,40.72509472421342,86.95641202171149,90,92.72764499706832,92.72764499706832,90,47.4349879682818,125.90009926995009
90,125.49039751531276,94.03196759196041,90,40.60330124661513,86.93312846556604,90,92.7176692527329,92.7176692527329,90,48.44327763766918,123.74545572894343
90,125.64437864445216,93.98934808911359,90,40.48190617049778,86.90917913602722,90,92.70835863240966,92.70835863240966,90,49.58993713843287,120.89531012459635
90,125.7981037168907,93.9473966753953,90,21.792873009579694,118.10016962413513,90,92.69971312048594,92.69971312048594,90,62.17905639050042,83.13298928716176
90,125.95157146453039,93.90611322651215,90,17.741206780325967,125.17528007111002,90,92.69173270254346,92.69173270254346,90,62.01410638565147,83.20792247020653
90,126.10478061212254,93.86549762192087,90,16.491217166564212,127.98857170314582,90,92.68441736534078,92.68441736534078,90,61.84936227236847,83.28217509218389
90,126.25772987738527,93.82554974474208,90,15.75316138111873,130.07314727915463,90,92.67776709679683,92.67776709679683,90,61.684824838040214,83.35574759111442
90,126.41041797112146,93.78626948167519,90,15.303810764388459,131.76780828448457,90,92.67178188597624,92.67178188597624,90,61.52049488281182,83.42864039513006
90,126.5628435973365,93.74765672291494,90,15.055223976869229,133.2042714504966,90,92.66646172307574,92.66646172307574,90,61.3563732194668,83.50085392264799
90,126.71500545335606,93.7097113620694,90,14.961473340325313,134.45017412068037,90,92.66180659941197,92.66180659941197,90,61.19246067330951,83.57238858254227
90,126.8669022299441,93.67243329607952,90,14.994667094101487,135.54565197688217,90,92.65781650741062,92.65781650741062,90,61.02875808204777,83.64324477431303
90,127.01853261142057,93.63582242514003,90,15.136106714809728,136.51676484069645,90,92.65449144059703,92.65449144059703,90,60.86526629567555,83.7134228882537
90,127.16989527577925,93.59987865262195,90,15.372309697557569,137.38150781384314,90,92.65183139358813,92.65183139358813,90,60.70198617635609,83.78292330561565
90,127.32098889480577,93.56460188499649,90,15.692973963835584,138.15287521788755,90,92.6498363620854,92.6498363620854,90,60.53891859830483,83.8517463987708
90,127.47181213419529,93.52999203176029,90,16.089836502576873,138.8405734799079,90,92.64850634286988,92.64850634286988,90,60.376064447672746,83.91989253137226
90,127.62236365367036,93.49604900536242,90,16.55598899715477,139.45204770582626,90,92.64784133379773,92.64784133379773,90,60.21342462242967,83.98736205851249
90,127.7726421070987,93.4627727211326,90,17.085446498737838,139.99313130333314,90,92.64784133379773,92.64784133379773,90,60.05100003224783,84.05415532687942
90,127.92264614261101,93.43016309721081,90,17.672865603888795,140.46847536165592,90,92.64850634286988,92.64850634286988,90,59.888791598385254,84.1202726749107
90,128.0723744027185,93.39822005447857,90,18.313355884178577,140.88184266998414,90,92.6498363620854,92.6498363620854,90,59.726800253569536,84.18571443294569
90,128.22182552443078,93.36694351649147,90,19.002352237157623,141.23631492012743,90,92.65183139358813,92.65183139358813,90,59.565026941881456,84.25048092337533
90,128.37099813937323,93.33633340941319,90,19.73552864364376,141.5344421342219,90,92.65449144059703,92.65449144059703,90,59.403472618638816,84.31457246079042
90,128.51989087390456,93.30638966195092,90,20.508741011275646,141.7783523580535,90,92.65781650741062,92.65781650741062,90,59.24213825028015,84.3779893521272
90,128.66850234923427,93.27711220529234,90,21.317990983844084,141.9698331912706,90,92.66180659941197,92.66180659941197,90,59.081024814248636,84.44073189681178
90,128.81683118153998,93.24850097304372,90,22.15940513052047,142.11039278131224,90,92.66646172307574,92.66646172307574,90,58.92013329887597,84.50280038690177
90,128.96487598208452,93.22055590116986,90,23.029225507220417,142.20130542526257,90,92.67178188597624,92.67178188597624,90,58.759464703266104,84.56419510722684
90,129.11263535733326,93.19327692793495,90,23.923808597700997,142.2436453153857,90,92.67776709679683,92.67776709679683,90,58.59902003717926,84.62491633552668
90,129.26010790907077,93.16666399384526,90,24.839630321481934,142.23831089232465,90,92.68441736534078,92.68441736534078,90,58.43880032091582,84.68496434258735
90,129.407292234518,93.140717041593,90,25.773295273830513,142.18604153408256,90,92.69173270254346,92.69173270254346,90,58.27880658519999,84.74433939237599
90,129.55418692644866,93.11543601600167,90,26.721548721174685,142.08742778525067,90,92.69971312048594,92.69971312048594,90,58.119039871063904,84.80304174217306
90,129.70079057330594,93.09082086397278,90,27.681290162917833,141.94291594034584,90,92.70835863240966,92.70835863240966,90,57.95950122973127,84.86107164270354
90,129.84710175931878,93.06687153443396,90,28.649587517710216,141.75280748446755,90,92.7176692527329,92.7176692527329,90,57.80019172250124,84.91842933826548
90,129.99311906461804,93.04358797828851,90,29.623691216665236,141.51725362568803,90,92.72764499706832,92.72764499706832,90,57.641112420632126,84.97511506685764
90,130.13884106535244,93.02097014836622,90,30.601047698339528,141.23624489648242,90,92.73828588224184,92.73828588224184,90,57.48226440522511,85.03112906030447
90,130.28426633380428,92.99901799937581,90,31.579312007104846,140.9095955286497,90,92.74959192631299,92.74959192631299,90,57.32364876710787,85.08647154438
90,130.42939343850517,92.9777314878584,90,32.55635940301849,140.53692198826118,90,92.76156314859664,92.76156314859664,90,57.16526660671826,85.14114273892967
90,130.57422094435108,92.95711057214281,90,33.53029610354494,140.11761465789357,90,92.77419956968592,92.77419956968592,90,57.00711903398788,85.19514285799038
90,130.71874741271742,92.93715521230182,90,34.499469504899764,139.65080112245803,90,92.78750121147672,92.78750121147672,90,56.84920716822538,85.24847210990907
90,130.86297140157393,92.9178653701101,90,35.4624784890745,139.1352987772845,90,92.80146809719339,92.80146809719339,90,56.6915321380001,85.3011306974593
90,131.0068914655991,92.89924100900336,90,36.418184738282605,138.56955341501808,90,92.8161002514158,92.8161002514158,90,56.534095081025356,85.3531188179564
90,131.15050615629434,92.88128209403897,90,37.36572639645374,137.95155886941586,90,92.83139770010796,92.83139770010796,90,56.37689714404166,85.40443666337079
90,131.293814022098,92.86398859185775,90,38.30453601420845,137.27875037564434,90,92.84736047064763,92.84736047064763,90,56.21993948270013,85.4550844204396
90,131.43681360849888,92.84736047064763,90,39.23436562385598,136.54786048335117,90,92.86398859185775,92.86398859185775,90,56.06322326144539,85.50506227077682
90,131.57950345814936,92.83139770010796,90,40.15532325784585,135.75472010761263,90,92.88128209403897,92.88128209403897,90,55.906749653398876,85.55437039098159
90,131.72188211097858,92.8161002514158,90,41.06792770751909,134.89397669191138,90,92.89924100900336,92.89924100900336,90,55.75051984024179,85.60300895274499
90,131.8639481043047,92.80146809719339,90,41.97319273061652,133.95868265854332,90,92.9178653701101,92.9178653701101,90,55.59453501209799,85.65097812295525
90,132.0056999729473,92.78750121147672,90,42.87276017002429,132.93967231163714,90,92.93715521230182,92.93715521230182,90,55.438796367416856,85.69827806380121
90,132.14713624933884,92.77419956968592,90,43.76911784301899,131.82457615559719,90,92.95711057214281,92.95711057214281,90,55.2833051128562,85.74490893287434
90,132.2882554636364,92.76156314859664,90,44.66597308227966,130.59617449682224,90,92.9777314878584,92.9777314878584,90,55.12806246316491,85.79087088326894
90,132.4290561438323,92.74959192631299,90,45.56893473400379,129.22944970574906,90,92.99901799937581,92.99901799937581,90,54.97306964106565,85.83616406368108
90,132.5695368158648,92.73828588224184,90,46.486872150305885,127.68579873166962,90,93.02097014836622,93.02097014836622,90,54.81832787713742,85.88078861850575
90,132.70969600372803,92.72764499706832,90,47.4349879682818,125.90009926995009,90,93.04358797828851,93.04358797828851,90,54.66383840969817,85.92474468793253
90,132.84953222958163,92.7176692527329,90,48.44327763766918,123.74545572894343,90,93.06687153443396,93.06687153443396,90,54.509602484687235,85.96803240803959
90,132.98904401385983,92.70835863240966,90,49.58993713843287,120.89531012459635,90,93.09082086397278,93.09082086397278,90,54.35562135554784,86.01065191088641
90,133.12822987538007,92.69971312048594,90,62.17905639050042,83.13298928716176,90,61.89983037586486,61.89983037586486,90,54.201896283109306,86.0526033246047
90,133.26708833145102,92.69173270254346,90,62.01410638565147,83.20792247020653,90,54.82471992888997,54.82471992888997,90,54.04842853546961,86.09388677348785
90,133.40561789798016,92.68441736534078,90,61.84936227236847,83.28217509218389,90,52.01142829685417,52.01142829685417,90,53.89521938787746,86.13450237807913
90,133.5438170895808,92.67776709679683,90,61.684824838040214,83.35574759111442,90,49.92685272084536,49.92685272084536,90,53.74227012261473,86.17445025525792
90,133.68168441967856,92.67178188597624,90,61.52049488281182,83.42864039513006,90,48.232191715515434,48.232191715515434,90,53.58958202887854,86.21373051832481
90,133.819218400617,92.66646172307574,90,61.3563732194668,83.50085392264799,90,46.795728549503394,46.795728549503394,90,53.437156402663504,86.25234327708506
90,133.95641754376328,92.66180659941197,90,61.19246067330951,83.57238858254227,90,45.549825879319634,45.549825879319634,90,53.284994546643944,86.2902886379306
90,134.09328035961238,92.65781650741062,90,61.02875808204777,83.64324477431303,90,44.45434802311784,44.45434802311784,90,53.1330977700559,86.32756670392048
90,134.22980535789154,92.65449144059703,90,60.86526629567555,83.7134228882537,90,43.48323515930353,43.48323515930353,90,52.98146738857943,86.36417757485997
90,134.3659910476632,92.65183139358813,90,60.70198617635609,83.78292330561565,90,42.61849218615687,42.61849218615687,90,52.830104724220746,86.40012134737805
90,134.5018359374281,92.6498363620854,90,60.53891859830483,83.8517463987708,90,41.847124782112445,41.847124782112445,90,52.679011105194235,86.43539811500351
90,134.6373385352271,92.64850634286988,90,60.376064447672746,83.91989253137226,90,41.15942652009211,41.15942652009211,90,52.52818786580471,86.47000796823971
90,134.7724973487426,92.64784133379773,90,60.21342462242967,83.98736205851249,90,40.54795229417373,40.54795229417373,90,52.37763634632964,86.50395099463758
90,134.90731088539923,92.64784133379773,90,60.05100003224783,84.05415532687942,90,40.006868696666864,40.006868696666864,90,52.227357892901296,86.5372272788674
90,135.04177765246362,92.64850634286988,90,59.888791598385254,84.1202726749107,90,39.53152463834409,39.53152463834409,90,52.077353857388985,86.56983690278919
90,135.1758961571437,92.6498363620854,90,59.726800253569536,84.18571443294569,90,39.11815733001587,39.11815733001587,90,51.92762559728149,86.60177994552143
90,135.30966490668703,92.65183139358813,90,59.565026941881456,84.25048092337533,90,38.763685079872566,38.763685079872566,90,51.778174475569216,86.63305648350853
90,135.44308240847852,92.65449144059703,90,59.403472618638816,84.31457246079042,90,38.465557865778095,38.465557865778095,90,51.62900186062677,86.66366659058681
90,135.57614717013712,92.65781650741062,90,59.24213825028015,84.3779893521272,90,38.2216476419465,38.2216476419465,90,51.48010912609544,86.69361033804908
90,135.70885769961203,92.66180659941197,90,59.081024814248636,84.44073189681178,90,38.03016680872941,38.03016680872941,90,51.331497650765726,86.72288779470766
90,135.84121250527778,92.66646172307574,90,58.92013329887597,84.50280038690177,90,37.88960721868776,37.88960721868776,90,51.18316881846002,86.75149902695628
90,135.97321009602877,92.67178188597624,90,58.759464703266104,84.56419510722684,90,37.798694574737425,37.798694574737425,90,51.03512401791548,86.77944409883014
90,136.10484898137236,92.67776709679683,90,58.59902003717926,84.62491633552668,90,37.7563546846143,37.7563546846143,90,50.88736464266674,86.80672307206505
90,136.23612767152213,92.68441736534078,90,58.43880032091582,84.68496434258735,90,37.76168910767536,37.76168910767536,90,50.73989209092923,86.83333600615474
90,136.36704467748905,92.69173270254346,90,58.27880658519999,84.74433939237599,90,37.813958465917445,37.813958465917445,90,50.592707765482004,86.859282958407
90,136.49759851117264,92.69971312048594,90,58.119039871063904,84.80304174217306,90,37.91257221474932,37.91257221474932,90,50.445813073551335,86.88456398399833
90,136.62778768545084,92.70835863240966,90,57.95950122973127,84.86107164270354,90,38.05708405965415,38.05708405965415,90,50.29920942669406,86.90917913602722
90,136.75761071426888,92.7176692527329,90,57.80019172250124,84.91842933826548,90,38.24719251553243,38.24719251553243,90,50.152898240681225,86.93312846556604
90,136.88706611272733,92.72764499706832,90,57.641112420632126,84.97511506685764,90,38.48274637431198,38.48274637431198,90,50.00688093538196,86.95641202171149
90,137.01615239716926,92.73828588224184,90,57.48226440522511,85.03112906030447,90,38.76375510351759,38.76375510351759,90,49.86115893464756,86.97902985163378
90,137.1448680852661,92.74959192631299,90,57.32364876710787,85.08647154438,90,39.09040447135029,39.09040447135029,90,49.71573366619572,87.00098200062419
90,137.2732116961029,92.76156314859664,90,57.16526660671826,85.14114273892967,90,39.463078011738816,39.463078011738816,90,49.57060656149483,87.0222685121416
90,137.4011817502622,92.77419956968592,90,57.00711903398788,85.19514285799038,90,39.882385342106446,39.882385342106446,90,49.42577905564892,87.04288942785719
90,137.52877676990715,92.78750121147672,90,56.84920716822538,85.24847210990907,90,40.34919887754196,40.34919887754196,90,49.28125258728258,87.06284478769818
90,137.65599527886334,92.80146809719339,90,56.6915321380001,85.3011306974593,90,40.86470122271551,40.86470122271551,90,49.13702859842607,87.0821346298899
90,137.78283580269976,92.8161002514158,90,56.534095081025356,85.3531188179564,90,41.43044658498193,41.43044658498193,90,48.9931085344009,87.10075899099664
90,137.9092968688086,92.83139770010796,90,56.37689714404166,85.40443666337079,90,42.04844113058414,42.04844113058414,90,48.84949384370566,87.11871790596103
90,138.03537700648388,92.84736047064763,90,56.21993948270013,85.4550844204396,90,42.72124962435568,42.72124962435568,90,48.70618597790201,87.13601140814225
90,138.16107474699905,92.86398859185775,90,56.06322326144539,85.50506227077682,90,43.45213951664882,43.45213951664882,90,48.56318639150112,87.15263952935237
90,138.2863886236835,92.88128209403897,90,55.906749653398876,85.55437039098159,90,44.24527989238736,44.24527989238736,90,48.42049654185064,87.16860229989204
90,138.4113171719979,92.89924100900336,90,55.75051984024179,85.60300895274499,90,45.10602330808862,45.10602330808862,90,48.278117889021416,87.1838997485842
90,138.5358589296081,92.9178653701101,90,55.59453501209799,85.65097812295525,90,46.04131734145667,46.04131734145667,90,48.13605189569529,87.19853190280661
90,138.6600124364584,92.93715521230182,90,55.438796367416856,85.69827806380121,90,47.06032768836286,47.06032768836286,90,47.9943000270527,87.21249878852328
90,138.7837762348432,92.95711057214281,90,55.2833051128562,85.74490893287434,90,48.17542384440282,48.17542384440282,90,47.85286375066116,87.22580043031408
90,138.9071488694775,92.9777314878584,90,55.12806246316491,85.79087088326894,90,49.403825503177764,49.403825503177764,90,47.7117445363636,87.23843685140336
90,139.03012888756655,92.99901799937581,90,54.97306964106565,85.83616406368108,90,50.770550294250924,50.770550294250924,90,47.5709438561677,87.25040807368701
90,139.15271483887346,93.02097014836622,90,54.81832787713742,85.88078861850575,90,52.31420126833037,52.31420126833037,90,47.43046318413519,87.26171411775816
90,139.27490527578658,93.04358797828851,90,54.66383840969817,85.92474468793253,90,54.09990073004991,54.09990073004991,90,47.29030399627197,87.27235500293168
90,139.39669875338487,93.06687153443396,90,54.509602484687235,85.96803240803959,90,56.25454427105657,56.25454427105657,90,47.15046777041837,87.2823307472671
90,139.51809382950222,93.09082086397278,90,54.35562135554784,86.01065191088641,90,59.10468987540365,59.10468987540365,90,47.010955986140175,87.29164136759034
