100,158.2071269904203,61.89983037586486,100,25.462852549408183,129.61912591640248,80,143.95709429261672,61.89983037586486,80,12.96879260791232,140.18500224505277
100,160.79853758972456,57.70963904555169,100,25.404206420318275,129.62179398493487,80,144.00791207203497,61.89279368264868,80,12.899393723146915,140.18172786397403
100,161.77459746324627,56.01585937878395,100,25.345584741495486,129.6244082528628,80,144.05871431358156,61.88580360062603,80,12.83004432340806,140.17838887481147
100,162.47608098931607,54.74017383032284,100,25.286987630239764,129.626968714094,80,144.1095009508193,61.878860138806864,80,12.760744616167187,140.17498529109992
100,163.03167447553494,53.68386978750327,100,25.228415203828717,129.6294753626602,80,144.16027191727116,61.87196330614682,80,12.691494808477273,140.17151712663093
100,163.4915536442216,52.76966795639994,100,25.16986757951605,129.6319281927172,80,144.21102714642075,61.865113111547046,80,12.62229510696966,140.1679843954525
100,163.88160936112976,51.95779419196082,100,25.111344874530232,129.6343271985449,80,144.2617665717127,61.85830956385419,80,12.553145717850242,140.16438711186885
100,164.21731236919248,51.22454562797992,100,25.052847206073068,129.6366723745475,80,144.31249012655348,61.85155267186012,80,12.484046846895978,140.1607252904398
100,164.50880053591442,50.55443469021763,100,24.994374691318313,129.6389637152535,80,144.36319774431152,61.84484244430195,80,12.414998699451303,140.1569989459808
100,164.76315562794017,49.93667684538641,100,24.93592744741028,129.64120121531602,80,144.41388935831802,61.83817888986184,80,12.34600148042449,140.15320809356217
100,164.98556318043853,49.36340315521642,100,24.877505591462267,129.64338486951246,80,144.46456490186748,61.83156201716687,80,12.277055394284446,140.14935274850896
100,165.17996045960575,48.828662717205816,100,24.819109240555377,129.64551467274507,80,144.51522430821808,61.82499183478894,80,12.208160645056807,140.1454329264005
100,165.34942446495415,48.32782591465085,100,24.760738511736918,129.6475906200407,80,144.56586751059234,61.8184683512447,80,12.139317436320823,140.14144864307
100,165.4964172318958,47.857207511269536,100,24.702393522019122,129.64961270655104,80,144.61649444217755,61.811991574995275,80,12.070525971205512,140.1373999146042
100,165.6229478489406,47.413817957166856,100,24.644074388377675,129.6515809275527,80,144.66710503612632,61.80556151444636,80,12.001786452386597,140.133286757343
100,165.73068339046443,46.99519327490306,100,24.58578122775026,129.6534952784472,80,144.71769922555723,61.799178177947965,80,11.933099082082748,140.12910918787895
100,165.82102720042622,46.599275129042205,100,24.527514157035228,129.65535575476116,80,144.7682769435552,61.7928415737943,80,11.864464062052377,140.12486722305687
100,165.89517557365258,46.224324074205825,100,24.46927329309014,129.65716235214634,80,144.8188381231721,61.78655171022367,80,11.795881593590082,140.12056087997357
100,165.95415971400243,45.86885539818387,100,24.411058752730355,129.65891506637968,80,144.86938269742734,61.78030859541845,80,11.727351877523404,140.11619017597724
100,165.99887739746484,45.53159075187736,100,24.352870652727745,129.66061389336338,80,144.91991059930825,61.77411223750484,80,11.658875114209366,140.1117551286671
100,166.030117273313,45.211421059008856,100,24.294709109808963,129.662258829125,80,144.97042176177072,61.767962644552824,80,11.590451503531142,140.10725575589308
100,166.04857779561667,44.90737764600438,100,24.23657424065442,129.66384986981754,80,145.0209161177399,61.76185982457603,80,11.522081244894792,140.10269207575516
100,166.05488216873658,44.61860946843527,100,24.178466161896665,129.66538701171947,80,145.07139360011027,61.75580378553166,80,11.453764537225851,140.09806410660306
100,166.04959028687833,44.34436493064288,100,24.120384990118964,129.66687025123483,80,145.1218541417467,61.74979453532033,80,11.385501578966085,140.09337186703587
100,166.03320837433424,44.08397721524282,100,24.062330841853964,129.66829958489322,80,145.1722976754847,61.743832081785975,80,11.31729256807023,140.08861537590133
100,166.0061968440819,43.83685232934793,100,24.00430383358224,129.66967500934996,80,145.22272413413103,61.73791643271573,80,11.249137702002741,140.08379465229567
100,165.96897675949862,43.60245927833218,100,23.946304081730915,129.6709965213861,80,145.2731334504642,61.732047595839845,80,11.181037177734481,140.0789097155629
100,165.92193518895493,43.38032192369048,100,23.888331702672303,129.67226411790838,80,145.3235255572351,61.72622557883159,80,11.112991191739638,140.07396058529454
100,165.86542967414775,43.170012187206304,100,23.830386812722395,129.67347779594957,80,145.3739003871674,61.720450389307075,80,11.044999939992351,140.068947281329
100,165.79979198238317,42.97114434127958,100,23.772469528139425,129.67463755266814,80,145.42425787295826,61.714722034825215,80,10.977063617963665,140.06386982375108
100,165.7253312753249,42.783370183028396,100,23.714579965122738,129.67574338534862,80,145.47459794727882,61.709040522887584,80,10.909182420618379,140.05872823289158
100,165.64233679834712,42.60637493324699,100,23.656718239811028,129.67679529140148,80,145.52492054277465,61.70340586093835,80,10.841356542411802,140.05352252932678
100,165.55108017304775,42.43987373436266,100,23.5988844682812,129.67779326836322,80,145.57522559206643,61.697818056364106,80,10.773586177286688,140.0482527338779
100,165.4518173588927,42.283608646929316,100,23.541078766546832,129.67873731389642,80,145.6255130277504,61.692277116493834,80,10.705871518670108,140.04291886761055
100,165.3447903371091,42.13734606388329,100,23.483301250556792,129.67962742578982,80,145.67578278239887,61.68678304859876,80,10.638212759470434,140.0375209518344
100,165.23022855989086,42.00087447718344,100,23.425552036193892,129.68046360195825,80,145.72603478856104,61.68133585989229,80,10.570610092074105,140.03205900810244
100,165.10835020005885,41.87400254359829,100,23.367831239273443,129.68124584044273,80,145.77626897876314,61.67593555752982,80,10.50306370834295,140.02653305821053
100,164.97936323002267,41.75655740605173,100,23.31013897554189,129.68197413941056,80,145.82648528550925,61.670582148608766,80,10.43557379961058,140.020943124197
100,164.84346635385913,41.6483832346633,100,23.25247536067539,129.68264849715527,80,145.87668364128183,61.66527564016837,80,10.368140556680089,140.0152892283419
100,164.70084981226512,41.54933995785164,100,23.194840510278425,129.68326891209668,80,145.92686397854226,61.660016039189586,80,10.300764169820354,140.00957139316665
100,164.55169607685352,41.45930215893179,100,23.1372345398824,129.6838353827809,80,145.97702622973125,61.65480335259512,80,10.233444828763709,140.0037896414334
100,164.3961804475776,41.37815811777928,100,23.079657564944284,129.6843479078804,80,146.0271703272696,61.64963758724911,80,10.166182722702587,139.99794399614444
100,164.23447156486083,41.305808980549365,100,23.022109700845135,129.68480648619402,80,146.0772962035585,61.6445187499573,80,10.098978040286681,139.9920344805417
100,164.0667318461855,41.24216804327556,100,22.96459106288887,129.685211116647,80,146.12740379098048,61.63944684746665,80,10.03183096962016,139.98606111810628
100,163.89311785537117,41.187160137546826,100,22.907101766300713,129.68556179829085,80,146.17749302189952,61.634421886465496,80,9.964741698258706,139.98002393255763
100,163.7137806115007,41.140721108469194,100,22.849641926225814,129.68585853030373,80,146.22756382866186,61.62944387358328,80,9.897710413206653,139.97392294785328
100,163.52886584336932,41.102797376829756,100,22.792211657728018,129.68610131199,80,146.27761614359653,61.6245128153906,80,9.830737300914194,139.967758188188
100,163.33851419441174,41.07334557885839,100,22.734811075788343,129.68629014278065,80,146.3276498990158,61.61962871839897,80,9.76382254727443,139.96152967799344
100,163.14286138226737,41.05233227827352,100,22.677440295303597,129.68642502223298,80,146.37766502721595,61.61479158906084,80,9.69696633762075,139.95523744193736
100,162.9420383164486,41.039733746443986,100,22.62009943108518,129.68650595003086,80,146.42766146047757,61.61000143376944,80,9.630168856723998,139.94888150492315
100,162.73617117696296,41.035535807533364,100,22.56278859785732,129.68653292598458,80,146.47763913106624,61.605258258858754,80,9.563430288789618,139.94246189208914
100,162.52538145618718,41.039733746443986,100,22.505507910256142,129.68650595003086,80,146.52759797123315,61.600562070603374,80,9.496750817454995,139.93597862880813
100,162.30978596578302,41.05233227827352,100,22.44825748282804,129.68642502223298,80,146.57753791321554,61.59591287521838,80,9.430130625786859,139.92943174068668
100,162.08949680997176,41.07334557885839,100,22.39103743002832,129.68629014278065,80,146.6274588892373,61.59131067885942,80,9.363569896278364,139.92282125356448
100,161.8646213260277,41.102797376829756,100,22.333847866219827,129.68610131199,80,146.6773608315096,61.58675548762237,80,9.297068810846554,139.91614719351378
100,161.63526199240607,41.140721108469194,100,22.276688905671676,129.68585853030373,80,146.72724367223128,61.58224730754345,80,9.23062755082978,139.90940958683885
100,161.40151630446906,41.18716013754684,100,22.219560662557768,129.68556179829085,80,146.77710734358965,61.577786144599095,80,9.164246296984885,139.90260846007513
100,161.16347661731015,41.24216804327556,100,22.162463250955454,129.685211116647,80,146.82695177776085,61.573372004705796,80,9.097925229484787,139.89574383998877
100,160.9212299546835,41.305808980549365,100,22.105396784844288,129.68480648619402,80,146.8767769069105,61.569004893720084,80,9.03166452791578,139.88881575357607
100,160.67485778251225,41.37815811777928,100,22.04836137810443,129.6843479078804,80,146.9265826631942,61.56468481743845,80,8.965464371275004,139.88182422806253
100,160.42443574485947,41.45930215893181,100,21.991357144515433,129.6838353827809,80,146.97636897875822,61.56041178159719,80,8.899324937968004,139.8747692909025
100,160.17003335958225,41.54933995785164,100,21.934384197754923,129.68326891209668,80,147.02613578573985,61.55618579187244,80,8.833246405805937,139.86765096977842
100,159.9117136701289,41.6483832346633,100,21.87744265139719,129.68264849715527,80,147.07588301626822,61.55200685387999,80,8.767228952003535,139.86046929260013
100,159.64953284905957,41.75655740605174,100,21.820532618911756,129.68197413941056,80,147.12561060246466,61.547874973175254,80,8.70127275317617,139.8532242875043
100,159.38353974783536,41.874002543598316,100,21.763654213662164,129.68124584044273,80,147.17531847644335,61.54379015525322,80,8.635377985337641,139.84591598285363
100,159.11377538619482,42.00087447718344,100,21.70680754890452,129.68046360195825,80,147.2250065703119,61.53975240554828,80,8.569544823897758,139.83854440723624
100,158.8402723729671,42.137346063883314,100,21.649992737786192,129.67962742578982,80,147.27467481617185,61.53576172943422,80,8.503773443659895,139.83110958946514
100,158.56305424839303,42.28360864692932,100,21.593209893344522,129.67873731389642,80,147.3243231461193,61.53181813222417,80,8.438064018818608,139.82361155857734
100,158.28213473586317,42.43987373436267,100,21.536459128505328,129.67779326836322,80,147.3739514922454,61.52792161917045,80,8.372416722957212,139.81605034383318
100,157.9975168883194,42.60637493324701,100,21.47974055608165,129.67679529140148,80,147.423559786637,61.52407219546458,80,8.306831729045541,139.80842597471582
100,157.70919211127833,42.78337018302842,100,21.423054288772533,129.67574338534862,80,147.47314796137715,61.52026986623709,80,8.241309209437674,139.8007384809304
100,157.41713904032417,42.97114434127958,100,21.366400439161453,129.67463755266814,80,147.5227159485458,61.51651463655762,80,8.175849335869486,139.7929878924033
100,157.1213222457561,43.17001218720632,100,21.309779119715188,129.67347779594957,80,147.57226368022006,61.51280651143466,80,8.110452279456524,139.78517423928167
100,156.82169073052444,43.38032192369049,100,21.25319044278234,129.67226411790838,80,147.62179108847513,61.50914549581561,80,8.045118210691726,139.7772975519324
100,156.5181761792179,43.6024592783322,100,21.196634520592113,129.6709965213861,80,147.67129810538464,61.50553159458666,80,7.979847299443122,139.76935786094174
100,156.21069090505878,43.83685232934793,100,21.140111465252943,129.66967500934996,80,147.72078466302133,61.50196481257272,80,7.914639714951704,139.76135519711426
100,155.8991254277953,44.08397721524283,100,21.08362138875117,129.66829958489322,80,147.77025069345748,61.498445154537364,80,7.84949562582932,139.75328959147242
100,155.58334559687165,44.344364930642904,100,21.027164402949694,129.66687025123483,80,147.81969612876563,61.49497262518279,80,7.784415200056401,139.7451610752557
100,155.26318914964835,44.618609468435274,100,20.97074061958682,129.66538701171947,80,147.8691209010191,61.4915472291496,80,7.719398604979887,139.73696967991984
100,154.93846156134657,44.90737764600439,100,20.91435015027463,129.66384986981754,80,147.9185249422925,61.48816897101705,80,7.654446007311094,139.72871543713617
100,154.6089309983137,45.21142105900887,100,20.857993106498043,129.662258829125,80,147.96790818466235,61.484837855302644,80,7.58955757312367,139.72039837879097
100,154.27432212398423,45.53159075187738,100,20.801669599613206,129.66061389336338,80,148.01727056020763,61.481553886462194,80,7.524733467851519,139.7120185369845
100,153.93430841974242,45.8688553981839,100,20.74537974084626,129.65891506637968,80,148.0666120010104,61.478317068889915,80,7.4599738562867515,139.70357594403043
100,153.58850255880282,46.224324074205846,100,20.689123641292213,129.65716235214634,80,148.11593243915632,61.47512740691809,80,7.395278902577758,139.69507063245504
100,153.23644419140174,46.599275129042205,100,20.63290141191345,129.65535575476116,80,148.16523180673516,61.47198490481723,80,7.330648770227015,139.68650263499654
100,152.87758423384662,46.99519327490308,100,20.576713163538443,129.6534952784472,80,148.2145100358415,61.46888956679587,80,7.266083622089411,139.67787198460414
100,152.51126435256984,47.41381795716687,100,20.520559006860594,129.6515809275527,80,148.26376705857524,61.465841397000624,80,7.201583620370002,139.66917871443746
100,152.13668971299805,47.85720751126957,100,20.464439052436774,129.64961270655104,80,148.31300280704215,61.462840399516004,80,7.137148926622359,139.66042285786568
100,151.75289207433204,48.327825914650894,100,20.40835341068623,129.6475906200407,80,148.3622172133544,61.45988657836448,80,7.072779701746441,139.65160444846688
100,151.35867868772476,48.82866271720585,100,20.352302191889095,129.64551467274507,80,148.4114102096313,61.4569799375063,80,7.008476105986944,139.6427235200271
100,150.95255969099267,49.36340315521644,100,20.2962855061852,129.64338486951246,80,148.46058172799965,61.45412048083959,80,6.944238298931253,139.63378010653963
100,150.53264178435157,49.936676845386444,100,20.240303463572843,129.64120121531602,80,148.5097317005945,61.451308212200146,80,6.8800664395078,139.62477424220435
100,150.09646681276607,50.55443469021768,100,20.184356173907503,129.6389637152535,80,148.5588600595595,61.44854313536146,80,6.815960685984123,139.6157059614268
100,149.6407557463564,51.224545627979936,100,20.128443746900473,129.6366723745475,80,148.6079667370478,61.44582525403466,80,6.751921195965139,139.60657529881746
100,149.16097994343545,51.95779419196087,100,20.0725662921177,129.6343271985449,80,148.65705166522224,61.44315457186843,80,6.6879481263914045,139.59738228919093
100,148.65059154832716,52.769667956399985,100,20.016723918978357,129.6319281927172,80,148.7061147762563,61.440531092448985,80,6.624041633537388,139.5881269675652
100,148.0995084932818,53.68386978750334,100,19.960916736753916,129.6294753626602,80,148.75515600233422,61.43795481930002,80,6.560201873009731,139.57880936916075
100,147.49071951290986,54.7401738303229,100,19.905144854566544,129.626968714094,80,148.80417527565209,61.43542575588264,80,6.4964289997456035,139.56942952939988
100,146.7910034849087,56.01585937878406,100,19.849408381387974,129.6244082528628,80,148.85317252841793,61.43294390559527,80,6.43272316801108,139.55998748390576
100,145.91451300817116,57.70963904555181,100,19.79370742603828,129.62179398493487,80,148.9021476928527,61.430509271773765,80,6.369084531399324,139.55048326850175
99,138.72206103142224,73.58403829795022,99,19.73804209718469,129.61912591640248,81,148.9511007011905,61.428121857691146,81,6.305513242829193,139.54091691921056
98,139.2739530419645,72.37693257545486,98,20.396351963054087,128.53872760952845,82,149.52322733490388,60.29679570043151,82,7.16057027447647,138.5151095136965
97,139.81934658990406,71.17923867900964,97,21.052868104259176,127.4533976295292,83,150.09207481743064,59.171920104938096,83,8.002306526841096,137.48508536358247
96,140.35833529362202,69.99062393587272,96,21.7079180687183,126.36296908899257,84,150.65775288163613,58.05327938084183,84,8.831791598675522,136.45076644389462
95,140.8909997813024,68.81077231049565,95,22.36181445825457,125.26726928226648,85,151.2203670479606,56.940666108854614,85,9.650010429743475,135.41206725923828
94,141.41740790799741,67.63938331080611,94,23.014856722923298,124.1661193452887,86,151.78001887207705,55.833880654711336,86,10.457872365304866,134.36889509222317
93,141.9376148911193,66.47617099338407,93,23.66733279488284,123.05933389114543,87,152.33680617490177,54.73273071773357,87,11.256219144361012,133.32115018696675
92,142.45166336590245,65.32086305790433,92,24.31952058403772,121.94672061915821,88,152.8908232564911,53.637030911007464,88,12.045831959445195,132.26872587444112
91,142.95958336133774,64.1732000224387,91,24.971689354912257,120.82807989506193,89,153.44216109520343,52.54660237047084,89,12.827437713589546,131.21150864514343
90,143.46139219605655,63.03293447227733,90,25.624101001891404,119.70320429956854,90,153.99090753336944,51.461272390471585,90,13.601714581588794,130.1493781734839
89,143.9570942926167,61.899830375864894,89,26.27701123803186,118.57187814230889,91,154.53714745059182,50.38087408359754,91,14.369296967173312,129.08220729735933
89,143.95709429261672,61.89983037586486,89,26.27701123803189,118.57187814230886,91,154.53714745059182,50.38087408359751,91,14.36929696717334,129.08220729735933
88,144.44668090758876,60.77366246227371,88,26.93067071103735,117.43387693780444,92,155.08096292568908,49.3052460627885,92,15.130779934678316,128.0098619555797
87,144.9301297737459,59.6542156553729,87,27.585326058663668,116.28896683973142,93,155.62243338820088,48.234232143929304,93,15.886723182828916,126.93220108511821
86,145.4074046494873,58.54128456051238,86,28.241220914735038,115.13690402930101,94,156.16163576028833,47.16768106729044,94,16.637654619008913,125.84907647953236
85,145.8784547693612,57.43467300014092,85,28.89859687608248,113.9774340530778,95,156.69864458978498,46.105446236332945,95,17.3840735845545,124.76033260934723
84,146.3432141881621,56.33419359532579,84,29.5576944400361,112.81029110498628,96,157.23353217508668,45.0473854725278,96,18.126453774987198,123.66580640467424
83,146.80160100952855,55.239667390652826,83,30.21875392159768,111.63519724660115,97,157.7663686825066,43.993360784961205,97,18.86524589347735,122.56532699985911
82,147.25351648822755,54.15092352046766,82,30.882016359075692,110.45186155906754,98,158.2972222566667,42.943238153603986,98,19.600880071052984,121.45871543948766
81,147.69884399333478,53.067798914881834,81,31.547724416772837,109.25997921913331,99,158.82615912444857,41.89688732522169,99,20.333768083009687,120.34578434462713
80,148.1374478172565,51.99013804442032,80,32.21612329327536,108.05923049078359,100,159.35324369297962,40.854181620988484,100,21.064305387528833,119.22633753772634
79,148.56917181293036,50.91779270264073,79,32.887461643997966,106.84927962281694,101,159.87853864209296,39.81499775494726,101,21.792873009579665,118.10016962413519
79,148.99383783851758,49.850621826516125,79,33.561992526902145,105.62977364137178,101,160.4021050116611,38.7792156625294,101,14.36929696717334,129.08220729735933
79,149.05551925134233,49.84250082968754,79,33.522846304359746,105.62759645255628,101,160.47722281395028,38.77593420181777,101,11.6360280888114,133.06403807426616
79,149.11718827132847,49.834433192263184,79,33.48372491262785,105.62537617492451,101,160.55231301859956,38.77271880632016,101,10.601429362512988,134.68159229325772
79,149.17884477919085,49.82641893310842,79,33.44462839048143,105.62311280987426,101,160.6273753784183,38.76956948987425,101,9.856839344463737,135.90305769213225
79,149.2404886555203,49.81845807097787,79,33.40555677666541,105.62080635882998,101,160.7024096462181,38.766486266038164,101,9.267031390353253,136.91661814906732
79,149.30211978078492,49.810550624515194,79,33.366510109894335,105.61845682324285,101,160.77741557481784,38.76346914809,101,8.779287898967596,137.7954567408712
79,149.36373803533147,49.80269661225274,79,33.32748842885218,105.61606420459074,101,160.85239291704835,38.76051814902759,101,8.366416161431346,138.57723745397644
79,149.4253432993865,49.79489605261123,79,33.288491772192174,105.61362850437811,101,160.92734142575736,38.75763328156804,101,8.012176322572543,139.28440369239254
79,149.48693545305787,49.7871489638995,79,33.24952017853644,105.61114972413615,101,161.00226085381445,38.75481455814754,101,7.705933942366073,139.9316182052485
79,149.54851437633602,49.77945536431405,79,33.210573686476096,105.60862786542262,101,161.07715095411567,38.752061990920936,101,7.44026647813692,140.5290893650992
79,149.6100799490952,49.77181527193894,79,33.17165233457064,105.60606292982182,101,161.15201147958868,38.74937559176143,101,7.209743781305235,141.08426399252562
79,149.67163205109486,49.76422870474532,79,33.13275616134797,105.60345491894465,101,161.22684218319742,38.74675537226032,101,7.010246718410627,141.60277212386703
79,149.73317056198113,49.75669568059121,79,33.09388520530422,105.60080383442852,101,161.30164281794708,38.744201343726665,101,6.838559086318753,142.08899219258868
79,149.79469536128784,49.749216217221175,79,33.05503950490339,105.59810967793737,101,161.37641313688906,38.74171351718694,101,6.692109556915085,142.5464080054605
79,149.8562063284382,49.74179033226602,79,33.016219098577125,105.59537245116155,101,161.45115289312548,38.739291903384846,101,6.568801191047356,142.97784429462732
79,149.91770334274588,49.73441804324248,79,32.977424024724655,105.59259215581791,101,161.52586183981458,38.736936512780936,101,6.4668946681902355,143.3856278490312
79,149.97918628341665,49.72709936755297,79,32.93865432171245,105.58976879364972,101,161.60053973017511,38.73464735555242,101,6.384925849494124,143.7717011184949
79,150.04065502954944,49.719834322485234,79,32.89991002787414,105.5869023664266,101,161.67518631749164,38.732424441592826,101,6.32164605979068,144.13770439530475
79,150.10210946013785,49.712622925212095,79,32.861191181510094,105.58399287594453,101,161.74980135511905,38.73026778051183,101,6.275977855500912,144.48503659658428
79,150.16354945407153,49.705465192791145,79,32.822497820887406,105.58104032402586,101,161.8243845964877,38.72817738163489,101,6.246981622693767,144.81490109537657
79,150.2249748901375,49.69836114216444,79,32.78382998423953,105.57804471251922,101,161.89893579510817,38.72615325400309,101,6.233829921414781,145.12834086899613
79,150.28638564702152,49.69131079015824,79,32.7451877097663,105.57500604329947,101,161.97345470457617,38.724195406372885,101,6.235787481691801,145.42626586235002
79,150.34778160330964,49.6843141534827,79,32.70657103563343,105.57192431826772,101,162.04794107857742,38.72230384721586,101,6.252195396685238,145.70947457746865
79,150.40916263748915,49.67737124873161,79,32.66797999997249,105.56879953935133,101,162.12239467089256,38.720478584718485,101,6.282458482816054,145.97867131307066
79,150.4705286279505,49.67048209238208,79,32.62941464088061,105.5656317085038,101,162.19681523540197,38.71871962678196,101,6.326035064268353,146.23448008012986
79,150.53187945298833,49.663646700794274,79,32.590874996420354,105.56242082770476,101,162.27120252609078,38.71702698102195,101,6.382428637978279,146.47745594461503
79,150.59321499080295,49.656865090211156,79,32.55236110461948,105.55916689895996,101,162.3455562970535,38.71540065476842,101,6.451181014988947,146.70809435537544
79,150.6545351195018,49.65013727675818,79,32.51387300347068,105.5558699243012,101,162.41987630249918,38.71384065506541,101,6.531866633944162,146.92683887711362
79,150.71583971710075,49.643463276442986,79,32.4754107309314,105.55252990578639,101,162.49416229675612,38.712346988670916,101,6.624087814939514,147.1340876483141
79,150.77712866152564,49.63684310515521,79,32.43697432492371,105.54914684549935,101,162.56841403427677,38.71091966205662,101,6.727470775193979,147.33019881045567
79,150.83840183061346,49.630276778666136,79,32.39856382333403,105.54572074554994,101,162.6426312696426,38.709558681407756,101,6.841662267620194,147.5154951001247
79,150.8996591021141,49.62376431262846,79,32.36017926401283,105.5422516080739,101,162.71681375756907,38.70826405262304,101,6.966326733176118,147.69026775447108
79,150.96090035369144,49.61730572257605,79,32.32182068477459,105.53873943523294,101,162.79096125291028,38.70703578131435,101,7.101143880541713,147.8547798491329
79,151.0221254629249,49.610901023923574,79,32.2834881233976,105.53518422921455,101,162.86507351066405,38.70587387280668,101,7.245806624054893,148.00926916370017
79,151.08333430731088,49.60455023196639,79,32.24518161762359,105.53158599223214,101,162.93915028597672,38.70477833213803,101,7.400019324307351,148.15395065113827
79,151.14452676426419,49.59825336188012,79,32.206901205157635,105.52794472652484,101,163.0131913341479,38.70374916405917,101,7.5634962863127555,148.2890185730071
79,151.20570271111941,49.59201042872052,79,32.16864692366801,105.52426043435754,101,163.08719641063544,38.70278637303358,101,7.735960478428439,148.4146483508116
79,151.2668620251324,49.585821447423136,79,32.130418810785784,105.5205331180209,101,163.16116527106027,38.70188996323734,101,7.91714244176012,148.5309981746806
79,151.32800458348171,49.57968643280313,79,32.09221690410493,105.51676277983117,101,163.23509767121124,38.701059938559,101,8.106779365000648,148.6382104032541
79,151.38913026326995,49.57360539955489,79,32.05404124118178,105.51294942213033,101,163.30899336704994,38.70029630259946,101,8.304614303840907,148.73641278275753
79,151.45023894152533,49.56757836225194,79,32.01589185953512,105.50909304728589,101,163.3828521147155,38.699599058671936,101,8.510395527470592,148.82571950844846
79,151.51133049520305,49.56160533534657,79,31.977768796645762,105.50519365769097,101,163.4566736705295,38.69896820980179,101,8.72387597742744,148.90623214770028
79,151.5724048011868,49.55568633316964,79,31.939672089956503,105.50125125576417,101,163.5304577910008,38.69840375872653,101,8.944812826288569,148.97804044075622
79,151.6334617362901,49.5498213699303,79,31.90160177687187,105.4972658439496,101,163.60420423283028,38.69790570789566,101,9.17296712553403,149.0412229925046
79,151.6945011772579,49.544010459715786,79,31.86355789475789,105.4932374247168,101,163.67791275291574,38.69747405947068,101,9.408103533422917,149.09584786638166
79,151.75552300076794,49.538253616491126,79,31.82554048094198,105.4891660005607,101,163.75158310835675,38.69710881532503,101,9.64999011498287,149.14197308961303
79,151.81652708343222,49.53255085409894,79,31.787549572712578,105.48505157400156,101,163.82521505645926,38.69680997704396,101,9.898398207261607,149.17964707738966
79,151.8775133017985,49.52690218625919,79,31.7495852073192,105.48089414758502,101,163.89880835474065,38.696577545924576,101,10.153102343878999,149.20890898218113
79,151.93848153235172,49.52130762656891,79,31.711647421971975,105.47669372388197,101,163.9723627609343,38.696411522975794,101,10.413880233672273,149.22978897317356
79,151.99943165151555,49.51576718850201,79,31.673736253841696,105.47245030548847,101,164.04587803299455,38.69631190891825,101,10.680512788881174,149.24230844974204
79,152.06036353565375,49.51028088540905,79,31.635851740059422,105.46816389502587,101,164.1193539291014,38.696278704184344,101,10.952784198891152,149.2464801918959
79,152.12127706107168,49.504848730516954,79,31.59799391771645,105.46383449514055,101,164.19279020766533,38.69631190891825,101,11.230482046063855,149.24230844974204
79,152.1821721040179,49.49947073692885,79,31.560162823864005,105.45946210850406,101,164.26618662733193,38.696411522975794,101,11.513397460649571,149.22978897317356
79,152.24304854068546,49.494146917623745,79,31.522358495513004,105.45504673781302,101,164.33954294698697,38.696577545924576,101,11.801325312211134,149.2089089821811
79,152.3039062472135,49.48887728545641,79,31.484580969634095,105.45058838578895,101,164.41285892576067,38.69680997704396,101,12.094064435405699,149.17964707738966
79,152.36474509968872,49.483661853157066,79,31.446830283157198,105.44608705517848,101,164.48613432303296,38.69710881532503,101,12.391417888381284,149.14197308961303
79,152.4255649741468,49.478500633331265,79,31.40910647297153,105.44154274875301,101,164.5593688984378,38.69747405947068,101,12.693193242460495,149.09584786638163
79,152.48636574657402,49.47339363845953,79,31.371409575925213,105.43695546930896,101,164.63256241186818,38.69790570789566,101,12.999202902215359,149.0412229925046
79,152.54714729290868,49.468340880897266,79,31.333739628825242,105.43232521966743,101,164.70571462348073,38.69840375872653,101,13.309264455495395,148.97804044075622
79,152.60790948904253,49.463342372874465,79,31.296096668437286,105.42765200267439,101,164.77882529370038,38.69896820980179,101,13.623201053470495,148.90623214770025
79,152.66865221082236,49.458398126495524,79,31.258480731485378,105.42293582120053,101,164.8518941832251,38.699599058671936,101,13.940841821299529,148.82571950844846
79,152.7293753340515,49.453508153739044,79,31.220891854651825,105.41817667814115,101,164.9249210530308,38.70029630259946,101,14.262022300657009,148.73641278275753
79,152.79007873449132,49.44867246645755,79,31.183330074577043,105.41337457641627,101,164.99790566437554,38.701059938559,101,14.58658492605474,148.6382104032541
79,152.8507622878626,49.44389107637743,79,31.14579542785927,105.40852951897045,101,165.07084777880465,38.70188996323734,101,14.914379537710545,148.53099817468058
79,152.91142586984725,49.43916399509858,79,31.10828795105448,105.40364150877278,101,165.14374715815518,38.70278637303358,101,15.245263934667435,148.41464835081158
79,152.97206935608972,49.43449123409427,79,31.070807680676097,105.39871054881687,101,165.21660356456061,38.70374916405917,101,15.579104472983545,148.2890185730071
79,153.03269262219843,49.429872804710904,79,31.033354653194976,105.39373664212071,101,165.28941676045542,38.70477833213803,101,15.91577671514625,148.15395065113825
79,153.0932955437475,49.425308718167905,79,30.995928905039023,105.38871979172671,101,165.36218650857984,38.70587387280668,101,16.25516613845889,148.00926916370014
79,153.15387799627797,49.42079898555743,79,30.958530472593083,105.38366000070162,101,165.43491257198423,38.70703578131435,101,16.597168912080264,147.85477984913288
79,153.21443985529962,49.416343617844205,79,30.92115939219886,105.37855727213646,101,165.5075947140341,38.70826405262304,101,16.941692754754087,147.69026775447105
79,153.27498099629224,49.41194262586535,79,30.8838157001546,105.37341160914646,101,165.58023269841425,38.709558681407756,101,17.288657888165005,147.51549510012467
79,153.33550129470737,49.40759602033015,79,30.84649943271495,105.36822301487108,101,165.6528262891337,38.71091966205662,101,17.63799810445937,147.33019881045564
79,153.3960006259696,49.40330381181993,79,30.80921062609079,105.36299149247381,101,165.72537525053005,38.712346988670916,101,17.989661970973913,147.1340876483141
79,153.45647886547832,49.39906601078779,79,30.77194931644911,105.35771704514232,101,165.79787934727412,38.71384065506541,101,18.34361420091193,146.92683887711362
79,153.51693588860903,49.394882627558495,79,30.734715539912656,105.35239967608824,101,165.87033834437452,38.71540065476842,101,18.699837225963677,146.7080943553754
79,153.5773715707151,49.39075367232823,79,30.697509332560003,105.34703938854715,101,165.94275200718215,38.71702698102195,101,19.05833301621402,146.47745594461503
79,153.63778578712908,49.386679155164465,79,30.660330730425102,105.34163618577861,101,166.01512010139476,38.71871962678196,101,19.419125204826656,146.23448008012983
79,153.69817841316433,49.38265908600576,79,30.623179769497312,105.33619007106596,101,166.08744239306134,38.720478584718485,101,19.782261590956267,145.97867131307063
79,153.75854932411664,49.37869347466161,79,30.586056485721144,105.33070104771637,101,166.15971864858676,38.72230384721586,101,20.147817115541613,145.70947457746865
79,153.81889839526562,49.37478233081221,79,30.548960914996087,105.32516911906077,101,166.23194863473628,38.724195406372885,101,20.51589743313781,145.42626586235
79,153.87922550187633,49.37092566400837,79,30.51189309317644,105.31959428845376,101,166.30413211863976,38.72615325400309,101,20.886643241753916,145.12834086899613
79,153.93953051920073,49.36712348367128,79,30.47485305607114,105.31397655927357,101,166.3762688677965,38.72817738163489,101,21.2602355862291,144.8149010953765
79,153.99981332247935,49.36337579909238,79,30.437840839443567,105.308315934922,101,166.44835865007929,38.73026778051183,101,21.636902425728124,144.48503659658428
79,154.06007378694272,49.35968261943321,79,30.400856479011367,105.30261241882442,101,166.52040123373916,38.732424441592826,101,22.016926862795913,144.13770439530472
79,154.12031178781297,49.356043953725155,79,30.363900010446343,105.29686601442961,101,166.59239638740956,38.73464735555242,101,22.40065758630459,143.77170111849486
79,154.18052720030533,49.35245981086943,79,30.3269714693742,105.29107672520976,101,166.66434388011095,38.736936512780936,101,22.788522309611864,143.38562784903118
79,154.2407198996297,49.34893019963679,79,30.290070891374427,105.28524455466041,101,166.73624348125495,38.739291903384846,101,23.18104533125654,142.9778442946273
79,154.30088976099228,49.34545512866746,79,30.253198311980128,105.27936950630037,101,166.80809496064896,38.74171351718694,101,23.578870881328868,142.54640800546048
79,154.361036659597,49.34203460647093,79,30.2163537666778,105.27345158367173,101,166.87989808850034,38.744201343726665,101,23.982794769647967,142.08899219258862
79,154.421160470647,49.33866864142585,79,30.179537290907206,105.26749079033969,101,166.9516526354209,38.74675537226032,101,24.393808253246277,141.602772123867
79,154.48126106934643,49.33535724177985,79,30.142748920061194,105.2614871298926,101,167.023358372431,38.749375591761435,101,24.813160427720874,141.0842639925256
79,154.54133833090185,49.33210041564941,79,30.10598868948557,105.2554406059418,101,167.09501507096405,38.752061990920936,101,25.2424496877004,140.52908936509917
79,154.6013921305236,49.32889817101967,79,30.069256634478847,105.24935122212169,101,167.16662250287072,38.75481455814754,101,25.683762718039333,139.93161820524847
79,154.6614223434279,49.32575051574437,79,30.032552790292186,105.24321898208952,101,167.2381804404232,38.75763328156804,101,26.139895158970575,139.28440369239252
79,154.72142884483767,49.322657457545674,79,29.995877192129058,105.23704388952548,101,167.30968865631957,38.76051814902759,101,26.61472149055379,138.57723745397635
79,154.78141150998468,49.31961900401399,79,29.959229875145297,105.23082594813248,101,167.38114692368782,38.76346914809,101,27.11385961601843,137.79545674087115
79,154.84137021411087,49.316635162607895,79,29.92261087444882,105.22456516163625,101,167.45255501609034,38.766486266038164,101,27.645980349088205,136.91661814906726
79,154.90130483246986,49.31370594065396,79,29.886020225099372,105.21826153378511,101,167.52391270752793,38.76956948987425,101,28.22574464132464,135.90305769213217
79,154.9612152403286,49.31083134534667,79,29.849457962108602,105.21191506835008,101,167.59521977244404,38.77271880632016,101,28.881840752865912,134.68159229325764
79,155.02110131296894,49.30801138374825,79,29.812924120439618,105.20552576912468,101,167.66647598572894,38.77593420181777,101,29.68855495527987,133.06403807426602
80,154.53714745059182,50.38087408359751,80,21.792873009579694,118.10016962413513,100,167.03120739208768,39.81499775494723,100,36.042905707383284,118.10016962413513
80,154.59579357968173,50.37820601506512,80,19.20146241027544,122.29036095444832,100,167.10060627685309,39.818272136025975,100,35.99208792796503,118.10720631735131
80,154.6544152585045,50.3755917471372,80,18.225402536753734,123.98414062121606,100,167.16995567659194,39.82161112518852,100,35.94128568641844,118.11419639937397
80,154.71301236976024,50.37303128590601,80,17.523919010683926,125.25982616967715,100,167.2392553838328,39.82501470890007,100,35.890499049180704,118.12113986119314
80,154.77158479617128,50.3705246373398,80,16.968325524465058,126.31613021249673,100,167.30850519152273,39.828482873369076,100,35.83972808272884,118.12803669385318
80,154.83013242048395,50.3680718072828,80,16.508446355778403,127.23033204360006,100,167.37770489303034,39.83201560454749,100,35.78897285357925,118.13488688845295
80,154.88865512546977,50.36567280145511,80,16.11839063887024,128.04220580803917,100,167.44685428214976,39.835612888131166,100,35.73823342828729,118.14169043614581
80,154.94715279392693,50.363327625452506,80,15.782687630807516,128.77545437202008,100,167.51595315310402,39.83927470956018,100,35.687509873446515,118.14844732813988
80,155.0056253086817,50.361036284746476,80,15.491199464085582,129.44556530978235,100,167.5850013005487,39.8430010540192,100,35.63680225568848,118.15515755569805
80,155.06407255258972,50.358798784683984,80,15.236844372059835,130.06332315461358,100,167.6539985195755,39.84679190643782,100,35.586110641681984,118.16182111013816
80,155.12249440853773,50.35661513048755,80,15.014436819561467,130.63659684478358,100,167.72294460571555,39.85064725149104,100,35.535435098132524,118.16843798283313
80,155.18089075944462,50.35448532725494,80,14.820039540394248,131.17133728279418,100,167.7918393549432,39.854567073599505,100,35.48477569178192,118.17500816521107
80,155.23926148826308,50.35240937995932,80,14.650575535045846,131.67217408534916,100,167.86068256367918,39.858551356930015,100,35.43413248940766,118.18153164875531
80,155.29760647798088,50.35038729344896,80,14.503582768104195,132.14279248873046,100,167.9294740287945,39.86260008539578,100,35.383505557822446,118.18800842500472
80,155.35592561162233,50.34841907244732,80,14.377052151059388,132.58618204283314,100,167.9982135476134,39.866713242657,100,35.332894963873684,118.19443848555363
80,155.41421877224974,50.346504721552805,80,14.269316609535565,133.00480672509696,100,168.06690091791725,39.87089081212106,100,35.282300774442774,118.20082182205203
80,155.47248584296477,50.34464424523883,80,14.178972799573785,133.4007248709578,100,168.13553593794762,39.875132776943126,100,35.23172305644479,118.2071584262057
80,155.53072670690986,50.34283764785365,80,14.10482442634742,133.7756759257942,100,168.20411840640992,39.879439120026426,100,35.1811618768279,118.21344828977632
80,155.58894124726964,50.341084933620316,80,14.04584028599757,134.13114460181612,100,168.2726481224766,39.88380982402277,100,35.13061730257266,118.21969140458155
80,155.64712934727226,50.339386106636624,80,14.001122602535162,134.46840924812264,100,168.34112488579063,39.888244871332894,100,35.08008940069175,118.22588776249516
80,155.70529089019104,50.33774117087501,80,13.96988272668699,134.78857894099116,100,168.40954849646886,39.89274424410693,100,35.02957823822928,118.23203735544718
80,155.76342575934558,50.33615013018245,80,13.951422204383334,135.09262235399564,100,168.4779187551052,39.89730792424484,100,34.97908388226011,118.23814017542398
80,155.82153383810333,50.33461298828052,80,13.945117831263417,135.38139053156473,100,168.54623546277415,39.90193589339693,100,34.92860639988973,118.24419621446833
80,155.87961500988104,50.333129748765174,80,13.950409713121672,135.65563506935712,100,168.61449842103391,39.90662813296414,100,34.878145858253305,118.25020546467967
80,155.93766915814604,50.33170041510678,80,13.966791625665763,135.9160227847572,100,168.68270743192977,39.91138462409867,100,34.827702324515286,118.25616791821403
80,155.99569616641776,50.330324990650034,80,13.993803155918101,136.16314767065208,100,168.75086229799726,39.91620534770434,100,34.77727586586897,118.26208356728426
80,156.05369591826909,50.32900347861393,80,14.031023240501383,136.39754072166784,100,168.81896282226552,39.92109028443709,100,34.7268665495358,118.26795240416016
80,156.1116682973277,50.327735882091616,80,14.078064811045067,136.61967807630953,100,168.88700880826036,39.92603941470546,100,34.67647444276491,118.27377442116841
80,156.1696131872776,50.32652220405044,80,14.134570325852252,136.8299878127937,100,168.95500006000765,39.931052718671005,100,34.626099612832604,118.27954961069292
80,156.22753047186058,50.32536244733186,80,14.20020801761683,137.02885565872043,100,169.02293638203633,39.93613017624894,100,34.575742127041735,118.28527796517479
80,156.28542003487726,50.324256614651375,80,14.27466872467511,137.2166298169716,100,169.09081757938162,39.941271767108425,100,34.52540205272118,118.29095947711241
80,156.34328176018897,50.323204708598524,80,14.357663201652883,137.393625066753,100,169.1586434575882,39.94647747067322,100,34.47507945722535,118.29659413906165
80,156.4011155317188,50.32220673163678,80,14.448919826952249,137.56012626563734,100,169.2264138227133,39.95174726612211,100,34.42477440793357,118.3021819436359
80,156.45892123345317,50.321262686103566,80,14.548182641107303,137.7163913530707,100,169.2941284813299,39.95708113238945,100,34.3744869722496,118.30772288350616
80,156.5166987494432,50.32037257421018,80,14.655209662890911,137.86265393611671,100,169.36178724052957,39.9624790481656,100,34.32421721760113,118.31321695140124
80,156.5744479638061,50.31953639804176,80,14.769771440109139,137.99912552281657,100,169.4293899079259,39.967940991897564,100,34.27396521143896,118.3186641401077
80,156.63216876072656,50.31875415955727,80,14.891649799941149,138.1259974564017,100,169.49693629165705,39.97346694178947,100,34.22373102123686,118.32406444247019
80,156.6898610244581,50.31802586058944,80,15.02063676997733,138.24344259394826,100,169.56442620038942,39.97905687580301,100,34.17351471449075,118.32941785139124
80,156.7475246393246,50.31735150284472,80,15.156533646140872,138.3516167653367,100,169.6318594433199,39.984710771658094,100,34.12331635871817,118.33472435983163
80,156.80515948972158,50.316731087903314,80,15.299150187734881,138.45066004214834,100,169.69923583017965,39.99042860683333,100,34.07313602145774,118.33998396081041
80,156.8627654601176,50.316164617219094,80,15.448303923146483,138.5406978410682,100,169.7665551712363,39.99621035856659,100,34.02297377026875,118.34519664740489
80,156.92034243505572,50.31565209211959,80,15.603819552422408,138.62184188222074,100,169.8338172772974,40.002056003855564,100,33.9728296727304,118.35036241275088
80,156.97789029915486,50.315193513805966,80,15.765528435139174,138.69419101945064,100,169.90102195971332,40.007965519458295,100,33.92270379644151,118.3554812500427
80,157.03540893711113,50.31478888335302,80,15.93326815381451,138.75783195672443,100,169.96816903037984,40.01393888189372,100,33.87259620901952,118.36055315253336
80,157.0928982336993,50.314438201709144,80,16.106882144628827,138.8128398624532,100,170.0352583017413,40.01997606744238,100,33.82250697810048,118.3655781135345
80,157.15035807377419,50.31414146969628,80,16.28621938849929,138.8592788915308,100,170.10228958679335,40.026077052146725,100,33.77243617133814,118.37055612641672
80,157.20778834227198,50.31389868800999,80,16.471134156630683,138.89720262317024,100,170.1692626990858,40.03224181181201,100,33.72238385640347,118.3754871846094
80,157.26518892421166,50.31370985721936,80,16.661485805588256,138.92665442114162,100,170.23617745272557,40.03847032200656,100,33.672350100984204,118.38037128160103
80,157.3225597046964,50.313574977767004,80,16.85713861773263,138.94766772172648,100,170.30303366237925,40.04476255806264,100,33.622334972784046,118.38520841093916
80,157.37990056891482,50.31349404996914,80,17.05796168355141,138.96026625355603,100,170.369831143276,40.05111849507686,100,33.572338539522434,118.38999856623056
80,157.43721140214268,50.31346707401543,80,17.263828823037045,138.96446419246664,100,170.43656971121038,40.05753810791085,100,33.52236086893376,118.39474174114125
80,157.49449208974386,50.31349404996914,80,17.474618543812824,138.96026625355603,100,170.503249182545,40.064021371191856,100,33.47240202876685,118.39943792939663
80,157.55174251717196,50.313574977767004,80,17.69021403421698,138.94766772172648,100,170.56986937421314,40.07056825931331,100,33.42246208678446,118.40408712478163
80,157.60896256997168,50.31370985721936,80,17.910503190028237,138.92665442114162,100,170.63643010372164,40.07717874643552,100,33.37254111076271,118.40868932114057
80,157.66615213378017,50.31389868800999,80,18.135378673972298,138.89720262317024,100,170.70293118915345,40.08385280648621,100,33.32263916849041,118.41324451237763
80,157.72331109432832,50.31414146969628,80,18.364738007593928,138.8592788915308,100,170.76937244917022,40.09059041316115,100,33.27275632776872,118.41775269245656
80,157.78043933744223,50.314438201709144,80,18.598483695530945,138.81283986245316,100,170.83575370301511,40.09739153992488,100,33.22289265641035,118.42221385540091
80,157.83753674904455,50.31478888335302,80,18.836523382689847,138.75783195672443,100,170.9020747705152,40.10425616001122,100,33.173048222239146,118.42662799529421
80,157.8946032151557,50.315193513805966,80,19.078770045316503,138.69419101945064,100,170.96833547208422,40.111184246423946,100,33.12322309308951,118.43099510627991
80,157.95163862189557,50.31565209211959,80,19.325142217487752,138.62184188222074,100,171.034535628725,40.11817577193748,100,33.07341733680579,118.43531518256155
80,158.00864285548457,50.316164617219094,80,19.575564255140534,138.54069784106818,100,171.100675062032,40.125230709097515,100,33.02363102124178,118.4395882184028
80,158.06561580224508,50.316731087903314,80,19.82996664041775,138.45066004214834,100,171.16675359419406,40.13234903022158,100,32.973864214260146,118.44381420812756
80,158.1225573486028,50.31735150284472,80,20.088286329871096,138.3516167653367,100,171.23277104799647,40.139530707399864,100,32.92411698373178,118.44799314612001
80,158.17946738108824,50.31802586058944,80,20.350467150940432,138.24344259394826,100,171.29872724682383,40.1467757124957,100,32.87438939753534,118.45212502682475
80,158.23634578633784,50.31875415955727,80,20.616460252164643,138.12599745640168,100,171.36462201466236,40.15408401714639,100,32.82468152355665,118.45620984474678
80,158.29319245109548,50.31953639804176,80,20.886224613805183,137.99912552281657,100,171.43045517610224,40.16145559276375,100,32.774993429688095,118.46024759445172
80,158.3500072622138,50.32037257421018,80,21.159727627032908,137.8626539361167,100,171.4962265563401,40.16889041053484,100,32.72532518382815,118.46423827056577
80,158.40679010665548,50.321262686103566,80,21.43694575160697,137.71639135307066,100,171.5619359811814,40.17638844142267,100,32.6756768538807,118.46818186777583
80,158.46354087149467,50.32220673163678,80,21.717865264136833,137.56012626563734,100,171.6275832770428,40.183949656166824,100,32.626048507754604,118.47207838082954
80,158.52025944391835,50.323204708598524,80,22.00248311168059,137.39362506675297,100,171.69316827095446,40.19157402528418,100,32.576440213363014,118.47592780453542
80,158.57694571122747,50.324256614651375,80,22.290807888721673,137.2166298169716,100,171.75869079056233,40.199261519069616,100,32.52685203862285,118.4797301337629
80,158.63359956083855,50.32536244733186,80,22.582860959675827,137.02885565872043,100,171.8241506641305,40.207012107596704,100,32.477284051454205,118.48348536344238
80,158.6902208802848,50.32652220405044,80,22.87867775424391,136.8299878127937,100,171.88954772054348,40.214825760718334,100,32.42773631977994,118.48719348856534
80,158.74680955721766,50.327735882091616,80,23.178309269475562,136.61967807630953,100,171.95488178930827,40.222702448067594,100,32.378208911524865,118.4908545041844
80,158.8033654794079,50.32900347861393,80,23.481823820782097,136.3975407216678,100,172.02015270055688,40.230642139058276,100,32.328701894615364,118.49446840541334
80,158.85988853474706,50.330324990650034,80,23.789309094941217,136.16314767065208,100,172.0853602850483,40.23864480288574,100,32.279215336978666,118.49803518742728
80,158.91637861124883,50.33170041510678,80,24.100874572204702,135.91602278475716,100,172.15050437417068,40.24671040852757,100,32.229749306542516,118.50155484546264
80,158.9728355970503,50.333129748765174,80,24.416654403128348,135.6556350693571,100,172.2155847999436,40.25483892474429,100,32.18030387123437,118.50502737481722
80,159.02925938041318,50.33461298828052,80,24.736810850351645,135.38139053156473,100,172.2806013950201,40.26303032008017,100,32.1308790989809,118.5084527708504
80,159.08564984972537,50.33615013018245,80,25.06153843865343,135.0926223539956,100,172.3455539926889,40.27128456286382,100,32.08147505770751,118.51183102898295
80,159.14200689350196,50.33774117087501,80,25.391069001686304,134.78857894099113,100,172.41044242687633,40.279601621209025,100,32.03209181533765,118.51516214469736
80,159.1983304003868,50.339386106636624,80,25.725677876015766,134.4684092481226,100,172.47526653214848,40.2879814630155,100,31.982729439792365,118.5184461135378
80,159.25462025915374,50.341084933620316,80,26.065691580257578,134.13114460181612,100,172.54002614371325,40.29642405596957,100,31.933387998989588,118.52168293111009
80,159.3108763587078,50.34283764785365,80,26.411497441197184,133.77567592579416,100,172.60472109742224,40.30492936754494,100,31.884067560843675,118.52487259308191
80,159.36709858808655,50.34464424523883,80,26.763555808598255,133.4007248709578,100,172.66935122977299,40.313497365003464,100,31.834768193264836,118.52801509518277
80,159.42328683646156,50.346504721552805,80,27.12241576615338,133.00480672509693,100,172.7339163779106,40.32212801539586,100,31.7854899641585,118.53111043320413
80,159.4794409931394,50.34841907244732,80,27.48873564743016,132.58618204283312,100,172.79841637963,40.33082128556255,100,31.73623294142476,118.53415860299938
80,159.53556094756323,50.35038729344896,80,27.86331028700195,132.14279248873044,100,172.86285107337764,40.33957714213431,100,31.686997192957847,118.53715960048399
80,159.59164658931377,50.35240937995932,80,28.24710792566796,131.6721740853491,100,172.92722029825356,40.34839555153311,100,31.6377827866456,118.54011342163551
80,159.6476978081109,50.35448532725494,80,28.641321312275238,131.17133728279416,100,172.99152389401306,40.35727647997291,100,31.5885897903687,118.5430200624937
80,159.7037144938148,50.35661513048755,80,29.047440309007328,130.63659684478355,100,173.05576170106875,40.36621989346037,100,31.539418272000347,118.54587951916041
80,159.75969653642716,50.358798784683984,80,29.46735821564843,130.06332315461356,100,173.1199335604922,40.375225757795654,100,31.4902682994055,118.54869178779985
80,159.8156438260925,50.361036284746476,80,29.903533187233933,129.44556530978232,100,173.18403931401588,40.384294038573195,100,31.441139940440507,118.55145686463854
80,159.87155625309953,50.363327625452506,80,30.359244253643595,128.77545437202008,100,173.24807880403486,40.39342470118254,100,31.392033262952197,118.55417474596534
80,159.9274337078823,50.36567280145511,80,30.83902005656455,128.0422058080391,100,173.3120518736086,40.402617710809054,100,31.34294833477776,118.55684542813157
80,159.98327608102164,50.3680718072828,80,31.349408451672844,127.23033204360001,100,173.3759583664626,40.4118730324348,100,31.2938852237437,118.55946890755101
80,160.03908326324608,50.3705246373398,80,31.900491506718197,126.31613021249666,100,173.43979812699027,40.42119063083924,100,31.244843997665782,118.56204518069998
80,160.09485514543346,50.37303128590601,80,32.50928048709014,125.2598261696771,100,173.5035710002544,40.43057047060013,100,31.195824724347915,118.56457424411735
80,160.15059161861203,50.3755917471372,80,33.208996515091286,123.98414062121594,100,173.56727683198892,40.44001251609425,100,31.14682747158207,118.56705609440473
80,160.20629257396172,50.37820601506512,80,34.085486991828844,122.29036095444819,100,173.63091546860068,40.44951673149824,100,31.097852307147292,118.56949072822624
81,160.2619579028153,50.38087408359751,81,41.27793896857776,106.41596170204978,99,173.6944867571708,40.45908308078943,99,31.048899298809488,118.57187814230886
82,159.6036480369459,51.46127239047154,82,40.72604695803551,107.62306742454514,98,172.83942972552353,41.4848904863035,98,30.47677266509612,119.70320429956848
83,158.94713189574082,52.546602370470794,83,40.18065341009594,108.82076132099036,97,171.9976934731589,42.51491463641754,97,29.907925182569358,120.8280798950619
84,158.2920819312817,53.637030911007436,84,39.64166470637798,110.00937606412728,96,171.16820840132448,43.54923355610537,96,29.342247118363872,121.94672061915817
85,157.63818554174543,54.73273071773352,85,39.10900021869759,111.18922768950435,95,170.34998957025653,44.58793274076172,95,28.779632952039407,123.05933389114539
86,156.9851432770767,55.83388065471129,86,38.582592092002585,112.36061668919389,94,169.54212763469513,45.63110490777684,94,28.21998112792295,124.16611934528866
87,156.33266720511716,56.94066610885457,87,38.062385108880704,113.52382900661593,93,168.743780855639,46.67884981303326,93,27.663193825098233,125.26726928226643
88,155.68047941596228,58.05327938084179,88,37.54833663409755,114.67913694209567,92,167.9541680405548,47.73127412555888,92,27.109176743508897,126.36296908899254
89,155.02831064508774,59.17192010493806,89,37.040416638662265,115.8267999775613,91,167.17256228641045,48.788491354856575,91,26.55783890479657,127.45339762952915
90,154.3758989981086,60.29679570043147,90,36.53860780394345,116.96706552772267,90,166.3982854184112,49.850621826516075,90,26.009092466630563,128.53872760952842
91,153.72298876196814,61.4281218576911,91,36.04290570738331,118.1001696241351,89,165.6307030328267,50.91779270264066,89,25.462852549408183,129.61912591640245
91,153.7229887619681,61.428121857691146,91,36.042905707383284,118.10016962413513,89,165.63070303282666,50.91779270264068,89,25.462852549408183,129.61912591640248
92,153.06932928896265,62.56612306219556,92,35.55331909241124,119.2263375377263,88,164.86922006532168,51.99013804442028,88,24.91903707431092,130.6947539372115
93,152.41467394133633,63.71103316026858,93,35.069870226254096,120.3457843446271,87,164.11327681717108,53.0677989148818,87,24.377566611799125,131.76576785607068
94,151.75877908526496,64.86309597069899,94,34.59259535051271,121.45871543948762,86,163.3623453809911,54.150923520467636,86,23.838364239711666,132.83231893270957
95,151.10140312391752,66.0225659469222,95,34.12154523063879,122.56532699985908,85,162.6159264154455,55.23966739065277,85,23.301355410215024,133.89455376366706
96,150.4423055599639,67.18970889501372,96,33.65678581183789,123.66580640467421,84,161.8735462250128,56.33419359532575,84,22.76646782491332,134.9526145274722
97,149.78124607840232,68.36480275339885,97,33.198398990471446,124.76033260934717,83,161.13475410652265,57.43467300014088,83,22.233631317493405,136.0066392150388
98,149.1179836409243,69.54813844093246,98,32.74648351177245,125.84907647953234,82,160.39911992894702,58.541284560512345,82,21.702777743333286,137.056761846396
99,148.45227558322716,70.74002078086669,99,32.301156006665224,126.93220108511817,81,159.6662319169903,59.65421565537286,81,21.173840875551434,138.10311267477832
100,147.78387670672464,71.94076950921641,100,31.862552182743514,128.00986195557968,80,158.93569461247117,60.77366246227366,80,20.646756307020382,139.14581837901153
101,147.11253835600203,73.15072037718306,101,31.430828187069636,129.08220729735928,79,158.20712699042033,61.899830375864816,79,20.121461357907037,140.18500224505274
101,146.43800747309785,74.37022635862822,101,31.006162161482422,130.14937817348388,79,165.63070303282666,50.91779270264068,79,19.597894988338908,141.2207843374706
101,146.47715369564025,74.37240354744372,101,30.944480748657668,130.15749917031246,79,168.3639719111886,46.935961925733835,79,19.522777186049723,141.22406579818224
101,146.51627508737215,74.37462382507549,101,30.882811728671527,130.1655668077368,79,169.398570637487,45.31840770674228,79,19.447686981400437,141.22728119367986
101,146.55537160951857,74.37688719012574,101,30.821155220809146,130.1735810668916,79,170.14316065553626,44.09694230786774,79,19.372624621581707,141.23043051012576
101,146.5944432233346,74.37919364117002,101,30.759511344479705,130.18154192902213,79,170.73296860964675,43.083381850932675,79,19.297590353781914,141.23351373396184
101,146.63348989010566,74.38154317675715,101,30.69788021921508,130.1894493754848,79,171.2207121010324,42.204543259128805,79,19.222584425182163,141.23653085191
101,146.67251157114782,74.38393579540926,101,30.636261964668535,130.19730338774727,79,171.63358383856865,41.42276254602357,79,19.14760708295165,141.23948185097242
101,146.71150822780783,74.38637149562189,101,30.574656700613502,130.20510394738878,79,171.98782367742746,40.71559630760746,79,19.072658574242638,141.24236671843195
101,146.75047982146356,74.38885027586385,101,30.513064546942132,130.21285103610052,79,172.29406605763393,40.068381794751495,79,18.997739146185552,141.24518544185247
101,146.7894263135239,74.39137213457738,101,30.451485623663984,130.22054463568594,79,172.55973352186308,39.47091063490081,79,18.922849045884334,141.24793800907906
101,146.82834766542936,74.39393707017818,101,30.389920050904806,130.22818472806105,79,172.79025621869476,38.91573600747438,79,18.84798852041132,141.25062440823856
101,146.86724383865203,74.39654508105535,101,30.32836794890514,130.23577129525466,79,172.98975328158937,38.39722787613297,79,18.77315781680258,141.2532446277397
101,146.90611479469578,74.39919616557148,101,30.266829438018874,130.2433043194088,79,173.16144091368125,37.91100780741133,79,18.698357182052916,141.25579865627333
101,146.9449604950966,74.40189032206263,101,30.205304638712164,130.25078378277883,79,173.30789044308491,37.4535919945395,79,18.623586863110944,141.25828648281305
101,146.98378090142288,74.40462754883845,101,30.14379367156181,130.25820966773398,79,173.43119880895264,37.02215570537268,79,18.54884710687452,141.26070809661516
101,147.02257597527534,74.40740784418209,101,30.08229665725412,130.26558195675753,79,173.53310533180976,36.61437215096878,79,18.47413816018542,141.26306348721906
101,147.06134567828755,74.41023120635028,101,30.020813716583348,130.27290063244703,79,173.61507415050588,36.2282988815051,79,18.399460269824885,141.26535264444757
101,147.10008997212586,74.4130976335734,101,29.95934497045056,130.28016567751476,79,173.67835394020932,35.86229560469526,79,18.324813682508363,141.26757555840717
101,147.1388088184899,74.41600712405547,101,29.897890539862146,130.2873770747879,79,173.7240221444991,35.514963403415706,79,18.250198644880953,141.26973221948816
101,147.1775021791126,74.41895967597414,101,29.83645054592847,130.29453480720886,79,173.75301837730623,35.185098904623445,79,18.175615403512296,141.2718226183651
101,147.21617001576047,74.42195528748078,101,29.775025109862497,130.30163885783557,79,173.76617007858522,34.87165913100386,79,18.101064204891827,141.2738467459969
101,147.2548122902337,74.42499395670053,101,29.71361435297848,130.30868920984176,79,173.7642125183082,34.57373413764998,79,18.02654529542383,141.27580459362713
101,147.29342896436657,74.42807568173228,101,29.65221839669036,130.31568584651728,79,173.74780460331476,34.29052542253134,79,17.952058921422577,141.27769615278413
101,147.3320200000275,74.43120046064867,101,29.590837362510854,130.32262875126838,79,173.71754151718395,34.02132868692934,79,17.87760532910744,141.27952141528152
101,147.3705853591194,74.4343682914962,101,29.5294713720495,130.3295179076179,79,173.67396493573165,33.76551991987016,79,17.80318476459803,141.28128037321804
101,147.40912500357965,74.43757917229524,101,29.468120547011665,130.3363532992057,79,173.61757136202172,33.52254405538496,79,17.728797473909225,141.28297301897805
101,147.44763889538052,74.44083310104004,101,29.40678500919705,130.34313490978883,79,173.54881898501105,33.29190564462457,79,17.65444370294651,141.28459934523158
101,147.48612699652932,74.4441300756988,101,29.345464880498213,130.3498627232418,79,173.46813336605584,33.07316112288637,79,17.580123697500824,141.2861593449346
101,147.5245892690686,74.44747009421361,101,29.28416028289925,130.356536723557,79,173.37591218506049,32.86591235168589,79,17.505837703243884,141.2876530113291
101,147.5630256750763,74.45085315450065,101,29.222871338474363,130.3631568948448,79,173.27252922480602,32.66980118954434,79,17.43158596572323,141.28908033794337
101,147.60143617666597,74.45427925445006,101,29.161598169386536,130.36972322133386,79,173.1583377323798,32.484504899875304,79,17.357368730357393,141.29044131859223
101,147.63982073598717,74.4577483919261,101,29.1003408978859,130.37623568737155,79,173.03367326682388,32.30973224552893,79,17.28318624243093,141.29173594737696
101,147.6781793152254,74.46126056476706,101,29.039099646308557,130.38269427742395,79,172.8988561194583,32.1452201508671,79,17.20903874708972,141.29296421868565
101,147.7165118766024,74.46481577078545,101,28.97787453707511,130.3890989760764,79,172.7541933759451,31.99073083629984,79,17.134926489335953,141.29412612719332
101,147.7548183823764,74.46841400776786,101,28.916665692689122,130.39544976803361,79,172.59998067569265,31.846049348861733,79,17.060849714023277,141.29522166786197
101,147.79309879484236,74.47205527347516,101,28.855473235735815,130.40174663811987,79,172.43650371368724,31.7109814269929,79,16.986808665852095,141.29625083594084
101,147.831353076332,74.47573956564246,101,28.794297288880585,130.40798957127947,79,172.26403952157156,31.585351649188407,79,16.912803589364557,141.29721362696642
101,147.86958118921422,74.4794668819791,101,28.73313797486759,130.41417855257686,79,172.08285755823988,31.469001825319406,79,16.83883472893973,141.29811003676267
101,147.90778309589507,74.48323722016883,101,28.671995416518286,130.42031356719687,79,171.89322063499935,31.3617895967459,79,16.764902328788764,141.298940061441
101,147.94595875881822,74.48705057786967,101,28.610869736730052,130.42639460044512,79,171.6953856961591,31.263587217242467,79,16.691006632950064,141.29970369740053
101,147.98410814046488,74.49090695271411,101,28.549761058474672,130.43242163774806,79,171.4896044725294,31.17428049155154,79,16.61714788528451,141.30040094132806
101,148.02223120335424,74.49480634230903,101,28.488669504796945,130.43839466465343,79,171.27612402257256,31.093767852299727,79,16.54332632947049,141.3010317901982
101,148.0603279100435,74.49874874423583,101,28.427595198813208,130.44431366683037,79,171.05518717371143,31.021959559243783,79,16.4695422089992,141.30159624127347
101,148.09839822312813,74.5027341560504,101,28.366538263709913,130.4501786300697,79,170.82703287446597,30.958777007495407,79,16.395795767169716,141.30209429210436
101,148.1364421052421,74.5067625752832,101,28.305498822742095,130.4559895402842,79,170.59189646657708,30.90415213361834,79,16.322087247084255,141.30252594052934
101,148.17445951905802,74.5108339994393,101,28.244476999232063,130.46174638350888,79,170.35000988501713,30.85802691038696,79,16.248416891643245,141.30289118467496
101,148.21245042728742,74.51494842599844,101,28.18347291656778,130.46744914590107,79,170.1016017927384,30.820352922610336,79,16.174784943540743,141.30319002295604
101,148.2504147926808,74.51910585241498,101,28.1224866982015,130.47309781374082,79,169.846897656121,30.79109101781888,79,16.101191645259348,141.30342245407542
101,148.28835257802803,74.52330627611803,101,28.061518467648284,130.4786923734311,79,169.58611976632773,30.77021102682645,79,16.02763723906571,141.30358847702422
101,148.3262637461583,74.52754969451153,101,28.00056834848445,130.48423281149798,79,169.31948721111883,30.757691550257952,79,15.954121967005449,141.30368809108177
101,148.36414825994058,74.53183610497413,101,27.93963646434625,130.48971911459094,79,169.04721580110885,30.753519808104105,79,15.880646070898592,141.30372129581565
101,148.40200608228355,74.53616550485945,101,27.87872293892832,130.49515126948305,79,168.76951795393614,30.757691550257952,79,15.807209792334675,141.30368809108177
101,148.439837176136,74.54053789149594,101,27.817827895982106,130.50052926307114,79,168.48660253935043,30.77021102682645,79,15.733813372668067,141.30358847702422
101,148.477641504487,74.54495326218698,101,27.756951459314536,130.50585308237626,79,168.19867468778887,30.791091017818893,79,15.660457053013033,141.30342245407542
101,148.5154190303659,74.54941161421105,101,27.69609375278651,130.5111227145436,79,167.9059355645943,30.820352922610336,79,15.587141074239327,141.30319002295604
101,148.5531697168428,74.55391294482152,101,27.63525490031128,130.51633814684294,79,167.60858211161872,30.85802691038696,79,15.513865676967043,141.30289118467496
101,148.59089352702847,74.55845725124699,101,27.574435025853205,130.52149936666873,79,167.3068067575395,30.904152133618354,79,15.44063110156219,141.30252594052934
101,148.6285904240748,74.56304453069104,101,27.513634253425977,130.52660636154047,79,167.00079709778464,30.958777007495407,79,15.367437588131821,141.30209429210436
101,148.66626037117476,74.56767478033257,101,27.452852707091324,130.53165911910273,79,166.6907355445046,31.021959559243797,79,15.29428537651927,141.30159624127347
101,148.7039033315627,74.57234799732561,101,27.392090510957473,130.53665762712552,79,166.3767989465295,31.09376785229974,79,15.221174706299621,141.3010317901982
101,148.74151926851462,74.57706417879947,101,27.33134778917764,130.54160187350448,79,166.05915817870047,31.174280491551556,79,15.148105816774887,141.30040094132806
101,148.77910814534818,74.58182332185885,101,27.270624665948503,130.54649184626095,79,165.737977699343,31.263587217242467,79,15.0750789469692,141.29970369740053
101,148.81666992542296,74.58662542358373,101,27.209921265508683,130.55132753354246,79,165.41341507394526,31.3617895967459,79,15.002094335624463,141.298940061441
101,148.85420457214073,74.59147048102955,101,27.149237712137392,130.55610892362256,79,165.08562046228946,31.46900182531942,79,14.929152221195352,141.29811003676267
101,148.89171204894552,74.59635849122722,101,27.08857413015275,130.56083600490143,79,164.75473606533257,31.585351649188418,79,14.856252841844821,141.29721362696642
101,148.9291923193239,74.60128945118313,101,27.02793064391028,130.56550876590575,79,164.42089552701646,31.710981426992912,79,14.783396435439386,141.29625083594084
101,148.96664534680502,74.60626335787929,101,26.967307377801575,130.5701271952891,79,164.08422328485375,31.846049348861747,79,14.710583239544576,141.29522166786197
101,149.00407109496098,74.61128020827329,101,26.9067044562525,130.5746912818321,79,163.7448338615411,31.99073083629985,79,14.637813491420161,141.29412612719332
101,149.04146952740692,74.61633999929838,101,26.84612200372203,130.57920101444256,79,163.40283108791974,32.14522015086711,79,14.565087428015772,141.29296421868565
101,149.07884060780114,74.62144272786354,101,26.785560144700383,130.5836563821558,79,163.0583072452459,32.30973224552894,79,14.492405285965901,141.29173594737696
101,149.1161842998454,74.62658839085354,101,26.725019003707757,130.58805737413465,79,162.711342111835,32.48450489987532,79,14.41976730158575,141.29044131859223
101,149.15350056728505,74.63177698512892,101,26.66449870529263,130.59240397966985,79,162.36200189554063,32.66980118954435,79,14.347173710866286,141.28908033794337
101,149.1907893739092,74.63700850752619,101,26.603999374030394,130.59669618818006,79,162.0103380290261,32.86591235168591,79,14.27462474946995,141.2876530113291
101,149.2280506835509,74.64228295485768,101,26.543521134521683,130.6009339892122,79,161.65638579908807,33.07316112288638,79,14.202120652725881,141.2861593449346
101,149.26528446008734,74.64760032391176,101,26.483064111390973,130.6051173724415,79,161.30016277403632,33.291905644624585,79,14.129661655625483,141.28459934523158
101,149.30249066744,74.65296061145285,101,26.422628429284913,130.60924632767177,79,160.94166698378598,33.52254405538498,79,14.05724799281785,141.28297301897805
101,149.3396692695749,74.65836381422139,101,26.362214212870924,130.61332084483553,79,160.58087479517334,33.76551991987017,79,13.984879898605243,141.28128037321804
101,149.3768202305027,74.66380992893404,101,26.301821586835672,130.61734091399424,79,160.21773840904373,34.02132868692936,79,13.912557606938663,141.27952141528152
101,149.41394351427886,74.66929895228363,101,26.241450675883357,130.62130652533838,79,159.8521828844584,34.29052542253135,79,13.840281351413239,141.27769615278413
101,149.4510390850039,74.67483088093923,101,26.18110160473438,130.6252176691878,79,159.4841025668622,34.57373413765,79,13.768051365263716,141.27580459362713
101,149.48810690682356,74.68040571154624,101,26.120774498123666,130.62907433599162,79,159.11335675824608,34.87165913100387,79,13.695867881360243,141.2738467459969
101,149.52514694392886,74.68602344072643,101,26.06046948079927,130.63287651632874,79,158.7397644137709,35.18509890462349,79,13.623731132203488,141.2718226183651
101,149.56215916055643,74.691684065078,101,26.000186677520645,130.63662420090762,79,158.36309757427188,35.514963403415734,79,13.551641349920715,141.26973221948816
101,149.59914352098863,74.69738758117558,101,25.939926213057277,130.64031738056678,79,157.9830731372041,35.862295604695284,79,13.479598766260835,141.26757555840717
101,149.63609998955366,74.70313398557039,101,25.879688212187034,130.64395604627484,79,157.5993424136954,36.22829888150513,79,13.407603612590435,141.26535264444757
101,149.6730285306258,74.70892327479024,101,25.819472799694665,130.64754018913055,79,157.21147769038814,36.61437215096881,79,13.335656119889052,141.26306348721906
101,149.70992910862557,74.71475544533959,101,25.75928010037029,130.65106980036322,79,156.81895466874346,37.0221557053727,79,13.263756518745055,141.26070809661516
101,149.74680168801987,74.72063049369963,101,25.699110239007723,130.65454487133255,79,156.42112911867113,37.453591994539536,79,13.191905039351042,141.25828648281305
101,149.7836462333222,74.72654841632827,101,25.638963340402995,130.65796539352908,79,156.01720523035203,37.91100780741137,79,13.12010191149966,141.25579865627333
101,149.8204627090928,74.73250920966031,101,25.57883952935299,130.66133135857416,79,155.60619174675372,38.397227876133,79,13.048347364579087,141.2532446277397
101,149.8572510799388,74.7385128701074,101,25.51873893065357,130.66464275822014,79,155.18683957227913,38.915736007474415,79,12.976641627568995,141.25062440823856
101,149.89401131051443,74.7445593940582,101,25.45866166909815,130.6678995843506,79,154.7575503122996,39.47091063490084,79,12.904984929035948,141.24793800907906
101,149.93074336552115,74.75064877787831,101,25.398607869476393,130.67110182898034,79,154.31623728196067,40.06838179475153,79,12.833377497129277,141.24518544185247
101,149.9674472097078,74.75678101791048,101,25.338577656572113,130.67424948425563,79,153.86010484102943,40.71559630760749,79,12.761819559576793,141.24236671843195
101,150.00412280787094,74.76295611047452,101,25.278571155162325,130.6773425424543,79,153.3852785094462,41.422762546023634,79,12.690311343680435,141.23948185097242
101,150.0407701248547,74.76917405186752,101,25.21858849001532,130.680380995986,79,152.88614038398157,42.20454325912886,79,12.618853076312178,141.23653085191
101,150.07738912555118,74.77543483836375,101,25.158629785889133,130.6833648373921,79,152.3540196509118,43.08338185093274,79,12.547444983909656,141.23351373396184
101,150.11397977490063,74.78173846621489,101,25.09869516753014,130.68629405934604,79,151.77425535867536,44.096942307867835,79,12.476087292472073,141.23043051012576
101,150.1505420378914,74.78808493164992,101,25.038784759671387,130.68916865465332,79,151.1181592471341,45.318407706742356,79,12.40478022755596,141.22728119367986
101,150.18707587956038,74.79447423087532,101,24.978898687031062,130.69198861625176,79,150.31144504472013,46.93596192573397,79,12.333524014271063,141.22406579818224
